index,Age,Social_media_time_in_hours,Education,Field,Settlement,New_vs_Old_user,IAT,QOL
1,Above 28,>3,12th grade,"Arts, Psychology and Sociology",Rural,4 years ago or higher,2,8
2,Above 28,>3,12th grade,"Arts, Psychology and Sociology",Rural,4 years ago or higher,2,8
3,Above 28,>3,12th grade,"Arts, Psychology and Sociology",Rural,4 years ago or higher,2,8
4,Above 28,>3,12th grade,"Arts, Psychology and Sociology",Rural,4 years ago or higher,2,8
5,18-22,2 to 3,Bachelor's Degree,Engineering,Urban,3 years ago,2,8
6,18-22,2 to 3,Bachelor's Degree,Engineering,Urban,3 years ago,2,8
7,18-22,2 to 3,Bachelor's Degree,Engineering,Urban,3 years ago,2,8
8,18-22,2 to 3,Bachelor's Degree,Engineering,Urban,3 years ago,2,8
9,Above 28,<1,Master's Degree,Education Teaching,Urban,4 years ago or higher,3,3
10,Above 28,<1,Master's Degree,Education Teaching,Urban,4 years ago or higher,3,3
11,Above 28,<1,Master's Degree,Education Teaching,Urban,4 years ago or higher,3,3
12,Above 28,<1,Master's Degree,Education Teaching,Urban,4 years ago or higher,3,3
13,Above 28,<1,Master's Degree,Education Teaching,Urban,4 years ago or higher,3,3
14,Above 28,<1,Master's Degree,Education Teaching,Urban,4 years ago or higher,3,3
15,Above 28,<1,Master's Degree,Education Teaching,Urban,4 years ago or higher,3,3
16,Above 28,<1,Master's Degree,Education Teaching,Urban,4 years ago or higher,3,3
17,Above 28,<1,Master's Degree,Education Teaching,Urban,4 years ago or higher,3,3
18,Above 28,<1,Master's Degree,Education Teaching,Urban,4 years ago or higher,3,3
19,Above 28,<1,Master's Degree,Education Teaching,Urban,4 years ago or higher,3,3
20,Above 28,<1,Master's Degree,Education Teaching,Urban,4 years ago or higher,3,3
21,Above 28,<1,Master's Degree,Education Teaching,Urban,4 years ago or higher,3,3
22,Above 28,<1,Master's Degree,Education Teaching,Urban,4 years ago or higher,3,3
23,Above 28,<1,Master's Degree,Education Teaching,Urban,4 years ago or higher,3,3
24,Above 28,<1,Master's Degree,Education Teaching,Urban,4 years ago or higher,3,3
25,26-28,1 to 2,Master's Degree,Finance,Urban,4 years ago or higher,3,2
26,26-28,1 to 2,Master's Degree,Finance,Urban,4 years ago or higher,3,2
27,26-28,1 to 2,Master's Degree,Finance,Urban,4 years ago or higher,3,2
28,26-28,1 to 2,Master's Degree,Finance,Urban,4 years ago or higher,3,2
29,26-28,2 to 3,Bachelor's Degree,"Arts, Psychology and Sociology",Urban,4 years ago or higher,3,7
30,26-28,2 to 3,Bachelor's Degree,"Arts, Psychology and Sociology",Urban,4 years ago or higher,3,7
31,26-28,2 to 3,Bachelor's Degree,"Arts, Psychology and Sociology",Urban,4 years ago or higher,3,7
32,26-28,2 to 3,Bachelor's Degree,"Arts, Psychology and Sociology",Urban,4 years ago or higher,3,7
33,18-22,2 to 3,Bachelor's Degree,Designing,Urban,4 years ago or higher,3,9
34,18-22,2 to 3,Bachelor's Degree,Designing,Urban,4 years ago or higher,3,9
35,18-22,2 to 3,Bachelor's Degree,Designing,Urban,4 years ago or higher,3,9
36,18-22,2 to 3,Bachelor's Degree,Designing,Urban,4 years ago or higher,3,9
37,26-28,>3,Master's Degree,Mass-communication,Rural,4 years ago or higher,4,8
38,26-28,>3,Master's Degree,Mass-communication,Rural,4 years ago or higher,4,8
39,26-28,>3,Master's Degree,Mass-communication,Rural,4 years ago or higher,4,8
40,26-28,>3,Master's Degree,Mass-communication,Rural,4 years ago or higher,4,8
41,18-22,1 to 2,12th grade,Designing,Urban,4 years ago or higher,4,9
42,18-22,1 to 2,12th grade,Designing,Urban,4 years ago or higher,4,9
43,18-22,1 to 2,12th grade,Designing,Urban,4 years ago or higher,4,9
44,18-22,1 to 2,12th grade,Designing,Urban,4 years ago or higher,4,9
45,26-28,1 to 2,Bachelor's Degree,Finance,Urban,4 years ago or higher,4,8
46,26-28,1 to 2,Bachelor's Degree,Finance,Urban,4 years ago or higher,4,8
47,26-28,1 to 2,Bachelor's Degree,Finance,Urban,4 years ago or higher,4,8
48,26-28,1 to 2,Bachelor's Degree,Finance,Urban,4 years ago or higher,4,8
49,23-25,2 to 3,Master's Degree,"Arts, Psychology and Sociology",Urban,4 years ago or higher,4,9
50,23-25,2 to 3,Master's Degree,"Arts, Psychology and Sociology",Urban,4 years ago or higher,4,9
51,23-25,2 to 3,Master's Degree,"Arts, Psychology and Sociology",Urban,4 years ago or higher,4,9
52,23-25,2 to 3,Master's Degree,"Arts, Psychology and Sociology",Urban,4 years ago or higher,4,9
53,18-22,<1,Bachelor's Degree,"Arts, Psychology and Sociology",Urban,4 years ago or higher,5,10
54,Above 28,<1,12th grade,"Arts, Psychology and Sociology",Rural,3 years ago,5,9
55,18-22,<1,Bachelor's Degree,"Arts, Psychology and Sociology",Urban,4 years ago or higher,5,10
56,Above 28,<1,12th grade,"Arts, Psychology and Sociology",Rural,3 years ago,5,9
57,18-22,<1,Bachelor's Degree,"Arts, Psychology and Sociology",Urban,4 years ago or higher,5,10
58,Above 28,<1,12th grade,"Arts, Psychology and Sociology",Rural,3 years ago,5,9
59,18-22,<1,Bachelor's Degree,"Arts, Psychology and Sociology",Urban,4 years ago or higher,5,10
60,Above 28,<1,12th grade,"Arts, Psychology and Sociology",Rural,3 years ago,5,9
61,18-22,<1,Bachelor's Degree,Designing,Urban,4 years ago or higher,5,9
62,18-22,<1,Bachelor's Degree,Designing,Urban,4 years ago or higher,5,9
63,18-22,<1,Bachelor's Degree,Designing,Urban,4 years ago or higher,5,9
64,18-22,<1,Bachelor's Degree,Designing,Urban,4 years ago or higher,5,9
65,Above 28,<1,Master's Degree,Education Teaching,Urban,less than an year ago,5,6
66,Above 28,<1,Master's Degree,Education Teaching,Urban,less than an year ago,5,6
67,Above 28,<1,Master's Degree,Education Teaching,Urban,less than an year ago,5,6
68,Above 28,<1,Master's Degree,Education Teaching,Urban,less than an year ago,5,6
69,26-28,<1,Master's Degree,Finance,Urban,4 years ago or higher,5,10
70,26-28,<1,Master's Degree,Finance,Urban,4 years ago or higher,5,10
71,26-28,<1,Master's Degree,Finance,Urban,4 years ago or higher,5,10
72,26-28,<1,Master's Degree,Finance,Urban,4 years ago or higher,5,10
73,Above 28,<1,12th grade,Fine Arts,Urban,4 years ago or higher,5,6
74,Above 28,<1,12th grade,Fine Arts,Urban,4 years ago or higher,5,6
75,Above 28,<1,12th grade,Fine Arts,Urban,4 years ago or higher,5,6
76,Above 28,<1,12th grade,Fine Arts,Urban,4 years ago or higher,5,6
77,Above 28,<1,Bachelor's Degree,Management,Urban,4 years ago or higher,5,6
78,Above 28,<1,Bachelor's Degree,Management,Urban,4 years ago or higher,5,6
79,Above 28,<1,Bachelor's Degree,Management,Urban,4 years ago or higher,5,6
80,Above 28,<1,Bachelor's Degree,Management,Urban,4 years ago or higher,5,6
81,18-22,>3,12th grade,Engineering,Rural,4 years ago or higher,5,4
82,18-22,>3,12th grade,Engineering,Rural,4 years ago or higher,5,4
83,18-22,>3,12th grade,Engineering,Rural,4 years ago or higher,5,4
84,18-22,>3,12th grade,Engineering,Rural,4 years ago or higher,5,4
85,Above 28,>3,Master's Degree,Medical,Urban,less than an year ago,5,8
86,Above 28,>3,Master's Degree,Medical,Urban,less than an year ago,5,8
87,Above 28,>3,Master's Degree,Medical,Urban,less than an year ago,5,8
88,Above 28,>3,Master's Degree,Medical,Urban,less than an year ago,5,8
89,18-22,1 to 2,Master's Degree,"Arts, Psychology and Sociology",Rural,2 years ago,5,9
90,18-22,1 to 2,Master's Degree,"Arts, Psychology and Sociology",Rural,2 years ago,5,9
91,18-22,1 to 2,Master's Degree,"Arts, Psychology and Sociology",Rural,2 years ago,5,9
92,18-22,1 to 2,Master's Degree,"Arts, Psychology and Sociology",Rural,2 years ago,5,9
93,23-25,1 to 2,Bachelor's Degree,Designing,Urban,2 years ago,5,9
94,23-25,1 to 2,Bachelor's Degree,Designing,Urban,2 years ago,5,9
95,23-25,1 to 2,Bachelor's Degree,Designing,Urban,2 years ago,5,9
96,23-25,1 to 2,Bachelor's Degree,Designing,Urban,2 years ago,5,9
97,18-22,1 to 2,Bachelor's Degree,Engineering,Urban,4 years ago or higher,5,7
98,18-22,1 to 2,Bachelor's Degree,Engineering,Urban,4 years ago or higher,5,8
99,18-22,1 to 2,Bachelor's Degree,Engineering,Urban,4 years ago or higher,5,7
100,18-22,1 to 2,Bachelor's Degree,Engineering,Urban,4 years ago or higher,5,8
101,18-22,1 to 2,Bachelor's Degree,Engineering,Urban,4 years ago or higher,5,7
102,18-22,1 to 2,Bachelor's Degree,Engineering,Urban,4 years ago or higher,5,8
103,18-22,1 to 2,Bachelor's Degree,Engineering,Urban,4 years ago or higher,5,7
104,18-22,1 to 2,Bachelor's Degree,Engineering,Urban,4 years ago or higher,5,8
105,23-25,1 to 2,Bachelor's Degree,Finance,Urban,4 years ago or higher,5,9
106,23-25,1 to 2,Bachelor's Degree,Finance,Urban,4 years ago or higher,5,8
107,23-25,1 to 2,Bachelor's Degree,Finance,Urban,4 years ago or higher,5,9
108,23-25,1 to 2,Bachelor's Degree,Finance,Urban,4 years ago or higher,5,8
109,23-25,1 to 2,Bachelor's Degree,Finance,Urban,4 years ago or higher,5,9
110,23-25,1 to 2,Bachelor's Degree,Finance,Urban,4 years ago or higher,5,8
111,23-25,1 to 2,Bachelor's Degree,Finance,Urban,4 years ago or higher,5,9
112,23-25,1 to 2,Bachelor's Degree,Finance,Urban,4 years ago or higher,5,8
113,18-22,>3,12th grade,Management,Rural,4 years ago or higher,6,6
114,18-22,>3,12th grade,Management,Rural,4 years ago or higher,6,6
115,18-22,>3,12th grade,Management,Rural,4 years ago or higher,6,6
116,18-22,>3,12th grade,Management,Rural,4 years ago or higher,6,6
117,18-22,1 to 2,Bachelor's Degree,Fine Arts,Urban,3 years ago,6,8
118,18-22,1 to 2,Bachelor's Degree,Fine Arts,Urban,3 years ago,6,8
119,18-22,1 to 2,Bachelor's Degree,Fine Arts,Urban,3 years ago,6,8
120,18-22,1 to 2,Bachelor's Degree,Fine Arts,Urban,3 years ago,6,8
121,Above 28,1 to 2,Master's Degree,Medical,Urban,4 years ago or higher,6,9
122,Above 28,1 to 2,Master's Degree,Medical,Urban,4 years ago or higher,6,9
123,Above 28,1 to 2,Master's Degree,Medical,Urban,4 years ago or higher,6,9
124,Above 28,1 to 2,Master's Degree,Medical,Urban,4 years ago or higher,6,9
125,26-28,2 to 3,Master's Degree,Education Teaching,Urban,4 years ago or higher,6,9
126,26-28,2 to 3,Master's Degree,Education Teaching,Urban,4 years ago or higher,6,9
127,26-28,2 to 3,Master's Degree,Education Teaching,Urban,4 years ago or higher,6,9
128,26-28,2 to 3,Master's Degree,Education Teaching,Urban,4 years ago or higher,6,9
129,18-22,2 to 3,12th grade,Engineering,Urban,4 years ago or higher,6,5
130,below 18,2 to 3,12th grade,Engineering,Rural,2 years ago,6,7
131,18-22,2 to 3,12th grade,Engineering,Urban,4 years ago or higher,6,5
132,below 18,2 to 3,12th grade,Engineering,Rural,2 years ago,6,7
133,18-22,2 to 3,12th grade,Engineering,Urban,4 years ago or higher,6,5
134,below 18,2 to 3,12th grade,Engineering,Rural,2 years ago,6,7
135,18-22,2 to 3,12th grade,Engineering,Urban,4 years ago or higher,6,5
136,below 18,2 to 3,12th grade,Engineering,Rural,2 years ago,6,7
137,18-22,2 to 3,12th grade,Finance,Urban,4 years ago or higher,6,7
138,23-25,2 to 3,12th grade,Finance,Urban,4 years ago or higher,6,8
139,26-28,2 to 3,Bachelor's Degree,Finance,Urban,4 years ago or higher,6,9
140,Above 28,2 to 3,Diploma,Finance,Urban,4 years ago or higher,6,6
141,Above 28,2 to 3,Diploma,Finance,Urban,4 years ago or higher,6,6
142,18-22,2 to 3,12th grade,Finance,Urban,4 years ago or higher,6,7
143,23-25,2 to 3,12th grade,Finance,Urban,4 years ago or higher,6,8
144,26-28,2 to 3,Bachelor's Degree,Finance,Urban,4 years ago or higher,6,9
145,Above 28,2 to 3,Diploma,Finance,Urban,4 years ago or higher,6,6
146,Above 28,2 to 3,Diploma,Finance,Urban,4 years ago or higher,6,6
147,18-22,2 to 3,12th grade,Finance,Urban,4 years ago or higher,6,7
148,23-25,2 to 3,12th grade,Finance,Urban,4 years ago or higher,6,8
149,26-28,2 to 3,Bachelor's Degree,Finance,Urban,4 years ago or higher,6,9
150,Above 28,2 to 3,Diploma,Finance,Urban,4 years ago or higher,6,6
151,Above 28,2 to 3,Diploma,Finance,Urban,4 years ago or higher,6,6
152,18-22,2 to 3,12th grade,Finance,Urban,4 years ago or higher,6,7
153,23-25,2 to 3,12th grade,Finance,Urban,4 years ago or higher,6,8
154,26-28,2 to 3,Bachelor's Degree,Finance,Urban,4 years ago or higher,6,9
155,Above 28,2 to 3,Diploma,Finance,Urban,4 years ago or higher,6,6
156,Above 28,2 to 3,Diploma,Finance,Urban,4 years ago or higher,6,6
157,18-22,2 to 3,Master's Degree,Fine Arts,Rural,4 years ago or higher,6,9
158,18-22,2 to 3,Master's Degree,Fine Arts,Rural,4 years ago or higher,6,9
159,18-22,2 to 3,Master's Degree,Fine Arts,Rural,4 years ago or higher,6,9
160,18-22,2 to 3,Master's Degree,Fine Arts,Rural,4 years ago or higher,6,9
161,18-22,2 to 3,Master's Degree,Fine Arts,Rural,4 years ago or higher,6,9
162,18-22,2 to 3,Master's Degree,Fine Arts,Rural,4 years ago or higher,6,9
163,18-22,2 to 3,Master's Degree,Fine Arts,Rural,4 years ago or higher,6,9
164,18-22,2 to 3,Master's Degree,Fine Arts,Rural,4 years ago or higher,6,9
165,23-25,2 to 3,Master's Degree,Management,Urban,4 years ago or higher,6,8
166,23-25,2 to 3,Master's Degree,Management,Urban,4 years ago or higher,6,8
167,23-25,2 to 3,Master's Degree,Management,Urban,4 years ago or higher,6,8
168,23-25,2 to 3,Master's Degree,Management,Urban,4 years ago or higher,6,8
169,Above 28,<1,Bachelor's Degree,"Arts, Psychology and Sociology",Urban,3 years ago,7,7
170,Above 28,<1,Bachelor's Degree,"Arts, Psychology and Sociology",Urban,3 years ago,7,7
171,Above 28,<1,Bachelor's Degree,"Arts, Psychology and Sociology",Urban,3 years ago,7,7
172,Above 28,<1,Bachelor's Degree,"Arts, Psychology and Sociology",Urban,3 years ago,7,7
173,26-28,<1,Master's Degree,Finance,Urban,4 years ago or higher,7,5
174,26-28,<1,Master's Degree,Finance,Urban,4 years ago or higher,7,5
175,26-28,<1,Master's Degree,Finance,Urban,4 years ago or higher,7,5
176,26-28,<1,Master's Degree,Finance,Urban,4 years ago or higher,7,5
177,23-25,<1,Bachelor's Degree,Management,Urban,4 years ago or higher,7,7
178,23-25,<1,Bachelor's Degree,Management,Urban,4 years ago or higher,7,7
179,23-25,<1,Bachelor's Degree,Management,Urban,4 years ago or higher,7,7
180,23-25,<1,Bachelor's Degree,Management,Urban,4 years ago or higher,7,7
181,18-22,>3,Bachelor's Degree,Engineering,Urban,4 years ago or higher,7,8
182,18-22,>3,Bachelor's Degree,Engineering,Urban,4 years ago or higher,7,8
183,18-22,>3,Bachelor's Degree,Engineering,Urban,4 years ago or higher,7,8
184,18-22,>3,Bachelor's Degree,Engineering,Urban,4 years ago or higher,7,8
185,23-25,>3,Bachelor's Degree,Finance,Urban,4 years ago or higher,7,6
186,23-25,>3,Bachelor's Degree,Finance,Urban,4 years ago or higher,7,6
187,23-25,>3,Bachelor's Degree,Finance,Urban,4 years ago or higher,7,6
188,23-25,>3,Bachelor's Degree,Finance,Urban,4 years ago or higher,7,6
189,18-22,>3,Bachelor's Degree,Management,Rural,4 years ago or higher,7,8
190,23-25,>3,Bachelor's Degree,Management,Urban,4 years ago or higher,7,10
191,18-22,>3,Bachelor's Degree,Management,Rural,4 years ago or higher,7,8
192,23-25,>3,Bachelor's Degree,Management,Urban,4 years ago or higher,7,10
193,18-22,>3,Bachelor's Degree,Management,Rural,4 years ago or higher,7,8
194,23-25,>3,Bachelor's Degree,Management,Urban,4 years ago or higher,7,10
195,18-22,>3,Bachelor's Degree,Management,Rural,4 years ago or higher,7,8
196,23-25,>3,Bachelor's Degree,Management,Urban,4 years ago or higher,7,10
197,Above 28,>3,Master's Degree,Tourism management,Urban,4 years ago or higher,7,4
198,Above 28,>3,Master's Degree,Tourism management,Urban,4 years ago or higher,7,4
199,Above 28,>3,Master's Degree,Tourism management,Urban,4 years ago or higher,7,4
200,Above 28,>3,Master's Degree,Tourism management,Urban,4 years ago or higher,7,4
201,23-25,1 to 2,Bachelor's Degree,Engineering,Urban,4 years ago or higher,7,9
202,26-28,1 to 2,Bachelor's Degree,Engineering,Urban,4 years ago or higher,7,6
203,23-25,1 to 2,Bachelor's Degree,Engineering,Urban,4 years ago or higher,7,9
204,26-28,1 to 2,Bachelor's Degree,Engineering,Urban,4 years ago or higher,7,6
205,23-25,1 to 2,Bachelor's Degree,Engineering,Urban,4 years ago or higher,7,9
206,26-28,1 to 2,Bachelor's Degree,Engineering,Urban,4 years ago or higher,7,6
207,23-25,1 to 2,Bachelor's Degree,Engineering,Urban,4 years ago or higher,7,9
208,26-28,1 to 2,Bachelor's Degree,Engineering,Urban,4 years ago or higher,7,6
209,23-25,1 to 2,Master's Degree,Management,Urban,4 years ago or higher,7,8
210,26-28,1 to 2,Master's Degree,Management,Urban,4 years ago or higher,7,9
211,23-25,1 to 2,Master's Degree,Management,Urban,4 years ago or higher,7,8
212,26-28,1 to 2,Master's Degree,Management,Urban,4 years ago or higher,7,9
213,23-25,1 to 2,Master's Degree,Management,Urban,4 years ago or higher,7,8
214,26-28,1 to 2,Master's Degree,Management,Urban,4 years ago or higher,7,9
215,23-25,1 to 2,Master's Degree,Management,Urban,4 years ago or higher,7,8
216,26-28,1 to 2,Master's Degree,Management,Urban,4 years ago or higher,7,9
217,18-22,2 to 3,12th grade,"Arts, Psychology and Sociology",Urban,4 years ago or higher,7,8
218,18-22,2 to 3,12th grade,"Arts, Psychology and Sociology",Urban,4 years ago or higher,7,8
219,18-22,2 to 3,12th grade,"Arts, Psychology and Sociology",Urban,4 years ago or higher,7,8
220,18-22,2 to 3,12th grade,"Arts, Psychology and Sociology",Urban,4 years ago or higher,7,8
221,23-25,2 to 3,Master's Degree,Designing,Urban,4 years ago or higher,7,8
222,23-25,2 to 3,Master's Degree,Designing,Urban,4 years ago or higher,7,8
223,23-25,2 to 3,Master's Degree,Designing,Urban,4 years ago or higher,7,8
224,23-25,2 to 3,Master's Degree,Designing,Urban,4 years ago or higher,7,8
225,Above 28,2 to 3,Bachelor's Degree,Engineering,Urban,4 years ago or higher,7,10
226,Above 28,2 to 3,Bachelor's Degree,Engineering,Urban,4 years ago or higher,7,7
227,Above 28,2 to 3,Bachelor's Degree,Engineering,Urban,4 years ago or higher,7,10
228,Above 28,2 to 3,Bachelor's Degree,Engineering,Urban,4 years ago or higher,7,7
229,Above 28,2 to 3,Bachelor's Degree,Engineering,Urban,4 years ago or higher,7,10
230,Above 28,2 to 3,Bachelor's Degree,Engineering,Urban,4 years ago or higher,7,7
231,Above 28,2 to 3,Bachelor's Degree,Engineering,Urban,4 years ago or higher,7,10
232,Above 28,2 to 3,Bachelor's Degree,Engineering,Urban,4 years ago or higher,7,7
233,18-22,2 to 3,Bachelor's Degree,Management,Urban,4 years ago or higher,7,9
234,Above 28,2 to 3,Bachelor's Degree,Management,Urban,4 years ago or higher,7,7
235,18-22,2 to 3,Bachelor's Degree,Management,Urban,4 years ago or higher,7,9
236,Above 28,2 to 3,Bachelor's Degree,Management,Urban,4 years ago or higher,7,7
237,18-22,2 to 3,Bachelor's Degree,Management,Urban,4 years ago or higher,7,9
238,Above 28,2 to 3,Bachelor's Degree,Management,Urban,4 years ago or higher,7,7
239,18-22,2 to 3,Bachelor's Degree,Management,Urban,4 years ago or higher,7,9
240,Above 28,2 to 3,Bachelor's Degree,Management,Urban,4 years ago or higher,7,7
241,18-22,<1,12th grade,Designing,Urban,2 years ago,8,7
242,18-22,<1,12th grade,Designing,Urban,2 years ago,8,7
243,18-22,<1,12th grade,Designing,Urban,2 years ago,8,7
244,18-22,<1,12th grade,Designing,Urban,2 years ago,8,7
245,18-22,<1,Bachelor's Degree,Finance,Rural,4 years ago or higher,8,8
246,18-22,<1,Bachelor's Degree,Finance,Rural,4 years ago or higher,8,8
247,18-22,<1,Bachelor's Degree,Finance,Rural,4 years ago or higher,8,8
248,18-22,<1,Bachelor's Degree,Finance,Rural,4 years ago or higher,8,8
249,23-25,<1,Bachelor's Degree,Management,Urban,4 years ago or higher,8,8
250,23-25,<1,Bachelor's Degree,Management,Urban,4 years ago or higher,8,8
251,23-25,<1,Bachelor's Degree,Management,Urban,4 years ago or higher,8,8
252,23-25,<1,Bachelor's Degree,Management,Urban,4 years ago or higher,8,8
253,23-25,>3,Master's Degree,Mass-communication,Urban,4 years ago or higher,8,7
254,23-25,>3,Master's Degree,Mass-communication,Urban,4 years ago or higher,8,7
255,23-25,>3,Master's Degree,Mass-communication,Urban,4 years ago or higher,8,7
256,23-25,>3,Master's Degree,Mass-communication,Urban,4 years ago or higher,8,7
257,23-25,1 to 2,Bachelor's Degree,"Arts, Psychology and Sociology",Urban,4 years ago or higher,8,7
258,23-25,1 to 2,Master's Degree,"Arts, Psychology and Sociology",Urban,4 years ago or higher,8,8
259,23-25,1 to 2,Bachelor's Degree,"Arts, Psychology and Sociology",Urban,4 years ago or higher,8,7
260,23-25,1 to 2,Master's Degree,"Arts, Psychology and Sociology",Urban,4 years ago or higher,8,8
261,23-25,1 to 2,Bachelor's Degree,"Arts, Psychology and Sociology",Urban,4 years ago or higher,8,7
262,23-25,1 to 2,Master's Degree,"Arts, Psychology and Sociology",Urban,4 years ago or higher,8,8
263,23-25,1 to 2,Bachelor's Degree,"Arts, Psychology and Sociology",Urban,4 years ago or higher,8,7
264,23-25,1 to 2,Master's Degree,"Arts, Psychology and Sociology",Urban,4 years ago or higher,8,8
265,23-25,1 to 2,Bachelor's Degree,Designing,Urban,2 years ago,8,9
266,23-25,1 to 2,Bachelor's Degree,Designing,Urban,2 years ago,8,9
267,23-25,1 to 2,Bachelor's Degree,Designing,Urban,2 years ago,8,9
268,23-25,1 to 2,Bachelor's Degree,Designing,Urban,2 years ago,8,9
269,Above 28,1 to 2,Master's Degree,Education Teaching,Urban,less than an year ago,8,8
270,Above 28,1 to 2,Master's Degree,Education Teaching,Urban,less than an year ago,8,8
271,Above 28,1 to 2,Master's Degree,Education Teaching,Urban,less than an year ago,8,8
272,Above 28,1 to 2,Master's Degree,Education Teaching,Urban,less than an year ago,8,8
273,23-25,1 to 2,Master's Degree,Engineering,Urban,4 years ago or higher,8,7
274,Above 28,1 to 2,Master's Degree,Engineering,Urban,4 years ago or higher,8,9
275,23-25,1 to 2,Master's Degree,Engineering,Urban,4 years ago or higher,8,7
276,Above 28,1 to 2,Master's Degree,Engineering,Urban,4 years ago or higher,8,9
277,23-25,1 to 2,Master's Degree,Engineering,Urban,4 years ago or higher,8,7
278,Above 28,1 to 2,Master's Degree,Engineering,Urban,4 years ago or higher,8,9
279,23-25,1 to 2,Master's Degree,Engineering,Urban,4 years ago or higher,8,7
280,Above 28,1 to 2,Master's Degree,Engineering,Urban,4 years ago or higher,8,9
281,23-25,1 to 2,12th grade,Finance,Urban,4 years ago or higher,8,9
282,23-25,1 to 2,12th grade,Finance,Urban,4 years ago or higher,8,9
283,23-25,1 to 2,12th grade,Finance,Urban,4 years ago or higher,8,9
284,23-25,1 to 2,12th grade,Finance,Urban,4 years ago or higher,8,9
285,18-22,1 to 2,12th grade,Fine Arts,Urban,3 years ago,8,8
286,18-22,1 to 2,12th grade,Fine Arts,Urban,3 years ago,8,8
287,18-22,1 to 2,12th grade,Fine Arts,Urban,3 years ago,8,8
288,18-22,1 to 2,12th grade,Fine Arts,Urban,3 years ago,8,8
289,Above 28,2 to 3,Bachelor's Degree,"Arts, Psychology and Sociology",Urban,4 years ago or higher,8,8
290,Above 28,2 to 3,Bachelor's Degree,"Arts, Psychology and Sociology",Urban,4 years ago or higher,8,8
291,Above 28,2 to 3,Bachelor's Degree,"Arts, Psychology and Sociology",Urban,4 years ago or higher,8,8
292,Above 28,2 to 3,Bachelor's Degree,"Arts, Psychology and Sociology",Urban,4 years ago or higher,8,8
293,Above 28,2 to 3,Master's Degree,Engineering,Urban,4 years ago or higher,8,9
294,Above 28,2 to 3,Master's Degree,Engineering,Urban,4 years ago or higher,8,9
295,Above 28,2 to 3,Master's Degree,Engineering,Urban,4 years ago or higher,8,9
296,Above 28,2 to 3,Master's Degree,Engineering,Urban,4 years ago or higher,8,9
297,18-22,<1,Bachelor's Degree,"Arts, Psychology and Sociology",Urban,4 years ago or higher,9,9
298,18-22,<1,Bachelor's Degree,"Arts, Psychology and Sociology",Urban,4 years ago or higher,9,9
299,18-22,<1,Bachelor's Degree,"Arts, Psychology and Sociology",Urban,4 years ago or higher,9,9
300,18-22,<1,Bachelor's Degree,"Arts, Psychology and Sociology",Urban,4 years ago or higher,9,9
301,18-22,<1,12th grade,Management,Urban,4 years ago or higher,9,9
302,18-22,<1,12th grade,Management,Urban,4 years ago or higher,9,9
303,18-22,<1,12th grade,Management,Urban,4 years ago or higher,9,9
304,18-22,<1,12th grade,Management,Urban,4 years ago or higher,9,9
305,18-22,>3,12th grade,Engineering,Urban,3 years ago,9,8
306,18-22,>3,12th grade,Engineering,Urban,3 years ago,9,8
307,18-22,>3,12th grade,Engineering,Urban,3 years ago,9,8
308,18-22,>3,12th grade,Engineering,Urban,3 years ago,9,8
309,18-22,>3,12th grade,Finance,Urban,4 years ago or higher,9,8
310,18-22,>3,12th grade,Finance,Urban,4 years ago or higher,9,8
311,18-22,>3,12th grade,Finance,Urban,4 years ago or higher,9,8
312,18-22,>3,12th grade,Finance,Urban,4 years ago or higher,9,8
313,18-22,>3,12th grade,Fine Arts,Urban,3 years ago,9,7
314,18-22,>3,12th grade,Fine Arts,Urban,3 years ago,9,7
315,18-22,>3,12th grade,Fine Arts,Urban,3 years ago,9,7
316,18-22,>3,12th grade,Fine Arts,Urban,3 years ago,9,7
317,18-22,>3,Bachelor's Degree,Law,Urban,4 years ago or higher,9,6
318,18-22,>3,Bachelor's Degree,Law,Urban,4 years ago or higher,9,6
319,18-22,>3,Bachelor's Degree,Law,Urban,4 years ago or higher,9,6
320,18-22,>3,Bachelor's Degree,Law,Urban,4 years ago or higher,9,6
321,23-25,>3,Master's Degree,Management,Urban,4 years ago or higher,9,6
322,23-25,>3,Master's Degree,Management,Urban,4 years ago or higher,9,6
323,23-25,>3,Master's Degree,Management,Urban,4 years ago or higher,9,6
324,23-25,>3,Master's Degree,Management,Urban,4 years ago or higher,9,6
325,18-22,1 to 2,Bachelor's Degree,"Arts, Psychology and Sociology",Urban,4 years ago or higher,9,6
326,18-22,1 to 2,Bachelor's Degree,"Arts, Psychology and Sociology",Urban,4 years ago or higher,9,6
327,18-22,1 to 2,Bachelor's Degree,"Arts, Psychology and Sociology",Urban,4 years ago or higher,9,6
328,18-22,1 to 2,Bachelor's Degree,"Arts, Psychology and Sociology",Urban,4 years ago or higher,9,6
329,23-25,1 to 2,Bachelor's Degree,Designing,Urban,2 years ago,9,8
330,23-25,1 to 2,Bachelor's Degree,Designing,Urban,2 years ago,9,8
331,23-25,1 to 2,Bachelor's Degree,Designing,Urban,2 years ago,9,8
332,23-25,1 to 2,Bachelor's Degree,Designing,Urban,2 years ago,9,8
333,26-28,1 to 2,Master's Degree,Education Teaching,Urban,3 years ago,9,7
334,26-28,1 to 2,Master's Degree,Education Teaching,Urban,3 years ago,9,7
335,26-28,1 to 2,Master's Degree,Education Teaching,Urban,3 years ago,9,7
336,26-28,1 to 2,Master's Degree,Education Teaching,Urban,3 years ago,9,7
337,26-28,1 to 2,Master's Degree,Engineering,Urban,3 years ago,9,8
338,Above 28,1 to 2,12th grade,Engineering,Urban,4 years ago or higher,9,7
339,26-28,1 to 2,Master's Degree,Engineering,Urban,3 years ago,9,8
340,Above 28,1 to 2,12th grade,Engineering,Urban,4 years ago or higher,9,7
341,26-28,1 to 2,Master's Degree,Engineering,Urban,3 years ago,9,8
342,Above 28,1 to 2,12th grade,Engineering,Urban,4 years ago or higher,9,7
343,26-28,1 to 2,Master's Degree,Engineering,Urban,3 years ago,9,8
344,Above 28,1 to 2,12th grade,Engineering,Urban,4 years ago or higher,9,7
345,23-25,1 to 2,Bachelor's Degree,Finance,Urban,4 years ago or higher,9,10
346,23-25,1 to 2,Bachelor's Degree,Finance,Urban,4 years ago or higher,9,10
347,23-25,1 to 2,Bachelor's Degree,Finance,Urban,4 years ago or higher,9,10
348,23-25,1 to 2,Bachelor's Degree,Finance,Urban,4 years ago or higher,9,10
349,18-22,1 to 2,Bachelor's Degree,Management,Urban,4 years ago or higher,9,9
350,26-28,1 to 2,Bachelor's Degree,Management,Urban,4 years ago or higher,9,9
351,18-22,1 to 2,Bachelor's Degree,Management,Urban,4 years ago or higher,9,9
352,26-28,1 to 2,Bachelor's Degree,Management,Urban,4 years ago or higher,9,9
353,18-22,1 to 2,Bachelor's Degree,Management,Urban,4 years ago or higher,9,9
354,26-28,1 to 2,Bachelor's Degree,Management,Urban,4 years ago or higher,9,9
355,18-22,1 to 2,Bachelor's Degree,Management,Urban,4 years ago or higher,9,9
356,26-28,1 to 2,Bachelor's Degree,Management,Urban,4 years ago or higher,9,9
357,Above 28,1 to 2,Diploma,Mass-communication,Urban,4 years ago or higher,9,5
358,Above 28,1 to 2,Diploma,Mass-communication,Urban,4 years ago or higher,9,5
359,Above 28,1 to 2,Diploma,Mass-communication,Urban,4 years ago or higher,9,5
360,Above 28,1 to 2,Diploma,Mass-communication,Urban,4 years ago or higher,9,5
361,Above 28,2 to 3,Master's Degree,Education Teaching,Urban,4 years ago or higher,9,7
362,Above 28,2 to 3,Master's Degree,Education Teaching,Urban,4 years ago or higher,9,7
363,Above 28,2 to 3,Master's Degree,Education Teaching,Urban,4 years ago or higher,9,7
364,Above 28,2 to 3,Master's Degree,Education Teaching,Urban,4 years ago or higher,9,7
365,18-22,2 to 3,12th grade,Engineering,Urban,2 years ago,9,8
366,18-22,2 to 3,Bachelor's Degree,Engineering,Urban,3 years ago,9,6
367,Above 28,2 to 3,Bachelor's Degree,Engineering,Urban,4 years ago or higher,9,8
368,18-22,2 to 3,12th grade,Engineering,Urban,2 years ago,9,8
369,18-22,2 to 3,Bachelor's Degree,Engineering,Urban,3 years ago,9,6
370,Above 28,2 to 3,Bachelor's Degree,Engineering,Urban,4 years ago or higher,9,8
371,18-22,2 to 3,12th grade,Engineering,Urban,2 years ago,9,8
372,18-22,2 to 3,Bachelor's Degree,Engineering,Urban,3 years ago,9,6
373,Above 28,2 to 3,Bachelor's Degree,Engineering,Urban,4 years ago or higher,9,8
374,18-22,2 to 3,12th grade,Engineering,Urban,2 years ago,9,8
375,18-22,2 to 3,Bachelor's Degree,Engineering,Urban,3 years ago,9,6
376,Above 28,2 to 3,Bachelor's Degree,Engineering,Urban,4 years ago or higher,9,8
377,18-22,2 to 3,12th grade,Finance,Urban,4 years ago or higher,9,9
378,23-25,2 to 3,Bachelor's Degree,Finance,Urban,4 years ago or higher,9,6
379,23-25,2 to 3,Bachelor's Degree,Finance,Urban,4 years ago or higher,9,8
380,18-22,2 to 3,12th grade,Finance,Urban,4 years ago or higher,9,9
381,23-25,2 to 3,Bachelor's Degree,Finance,Urban,4 years ago or higher,9,6
382,23-25,2 to 3,Bachelor's Degree,Finance,Urban,4 years ago or higher,9,8
383,18-22,2 to 3,12th grade,Finance,Urban,4 years ago or higher,9,9
384,23-25,2 to 3,Bachelor's Degree,Finance,Urban,4 years ago or higher,9,6
385,23-25,2 to 3,Bachelor's Degree,Finance,Urban,4 years ago or higher,9,8
386,18-22,2 to 3,12th grade,Finance,Urban,4 years ago or higher,9,9
387,23-25,2 to 3,Bachelor's Degree,Finance,Urban,4 years ago or higher,9,6
388,23-25,2 to 3,Bachelor's Degree,Finance,Urban,4 years ago or higher,9,8
389,18-22,2 to 3,Bachelor's Degree,Management,Urban,2 years ago,9,5
390,26-28,2 to 3,Bachelor's Degree,Management,Rural,4 years ago or higher,9,6
391,18-22,2 to 3,Bachelor's Degree,Management,Urban,2 years ago,9,5
392,26-28,2 to 3,Bachelor's Degree,Management,Rural,4 years ago or higher,9,6
393,18-22,2 to 3,Bachelor's Degree,Management,Urban,2 years ago,9,5
394,26-28,2 to 3,Bachelor's Degree,Management,Rural,4 years ago or higher,9,6
395,18-22,2 to 3,Bachelor's Degree,Management,Urban,2 years ago,9,5
396,26-28,2 to 3,Bachelor's Degree,Management,Rural,4 years ago or higher,9,6
397,23-25,<1,12th grade,"Arts, Psychology and Sociology",Rural,2 years ago,10,7
398,Above 28,<1,12th grade,"Arts, Psychology and Sociology",Rural,2 years ago,10,9
399,23-25,<1,12th grade,"Arts, Psychology and Sociology",Rural,2 years ago,10,7
400,Above 28,<1,12th grade,"Arts, Psychology and Sociology",Rural,2 years ago,10,9
401,23-25,<1,12th grade,"Arts, Psychology and Sociology",Rural,2 years ago,10,7
402,Above 28,<1,12th grade,"Arts, Psychology and Sociology",Rural,2 years ago,10,9
403,23-25,<1,12th grade,"Arts, Psychology and Sociology",Rural,2 years ago,10,7
404,Above 28,<1,12th grade,"Arts, Psychology and Sociology",Rural,2 years ago,10,9
405,26-28,<1,Bachelor's Degree,Engineering,Rural,2 years ago,10,9
406,26-28,<1,Bachelor's Degree,Engineering,Rural,2 years ago,10,9
407,26-28,<1,Bachelor's Degree,Engineering,Rural,2 years ago,10,9
408,26-28,<1,Bachelor's Degree,Engineering,Rural,2 years ago,10,9
409,18-22,<1,12th grade,Finance,Urban,4 years ago or higher,10,6
410,18-22,<1,12th grade,Finance,Urban,4 years ago or higher,10,2
411,18-22,<1,12th grade,Finance,Urban,4 years ago or higher,10,6
412,18-22,<1,12th grade,Finance,Urban,4 years ago or higher,10,2
413,18-22,<1,12th grade,Finance,Urban,4 years ago or higher,10,6
414,18-22,<1,12th grade,Finance,Urban,4 years ago or higher,10,2
415,18-22,<1,12th grade,Finance,Urban,4 years ago or higher,10,6
416,18-22,<1,12th grade,Finance,Urban,4 years ago or higher,10,2
417,18-22,>3,12th grade,"Arts, Psychology and Sociology",Urban,4 years ago or higher,10,10
418,Above 28,>3,Diploma,"Arts, Psychology and Sociology",Urban,4 years ago or higher,10,10
419,18-22,>3,12th grade,"Arts, Psychology and Sociology",Urban,4 years ago or higher,10,10
420,Above 28,>3,Diploma,"Arts, Psychology and Sociology",Urban,4 years ago or higher,10,10
421,18-22,>3,12th grade,"Arts, Psychology and Sociology",Urban,4 years ago or higher,10,10
422,Above 28,>3,Diploma,"Arts, Psychology and Sociology",Urban,4 years ago or higher,10,10
423,18-22,>3,12th grade,"Arts, Psychology and Sociology",Urban,4 years ago or higher,10,10
424,Above 28,>3,Diploma,"Arts, Psychology and Sociology",Urban,4 years ago or higher,10,10
425,18-22,>3,Bachelor's Degree,Engineering,Urban,4 years ago or higher,10,8
426,26-28,>3,Bachelor's Degree,Engineering,Urban,2 years ago,10,6
427,18-22,>3,Bachelor's Degree,Engineering,Urban,4 years ago or higher,10,8
428,26-28,>3,Bachelor's Degree,Engineering,Urban,2 years ago,10,6
429,18-22,>3,Bachelor's Degree,Engineering,Urban,4 years ago or higher,10,8
430,26-28,>3,Bachelor's Degree,Engineering,Urban,2 years ago,10,6
431,18-22,>3,Bachelor's Degree,Engineering,Urban,4 years ago or higher,10,8
432,26-28,>3,Bachelor's Degree,Engineering,Urban,2 years ago,10,6
433,18-22,>3,Master's Degree,Finance,Urban,4 years ago or higher,10,7
434,18-22,>3,Master's Degree,Finance,Urban,4 years ago or higher,10,7
435,18-22,>3,Master's Degree,Finance,Urban,4 years ago or higher,10,7
436,18-22,>3,Master's Degree,Finance,Urban,4 years ago or higher,10,7
437,18-22,>3,Master's Degree,Finance,Urban,4 years ago or higher,10,7
438,18-22,>3,Master's Degree,Finance,Urban,4 years ago or higher,10,7
439,18-22,>3,Master's Degree,Finance,Urban,4 years ago or higher,10,7
440,18-22,>3,Master's Degree,Finance,Urban,4 years ago or higher,10,7
441,Above 28,>3,Bachelor's Degree,Management,Urban,4 years ago or higher,10,6
442,Above 28,>3,Bachelor's Degree,Management,Urban,4 years ago or higher,10,6
443,Above 28,>3,Bachelor's Degree,Management,Urban,4 years ago or higher,10,6
444,Above 28,>3,Bachelor's Degree,Management,Urban,4 years ago or higher,10,6
445,18-22,1 to 2,12th grade,"Arts, Psychology and Sociology",Urban,4 years ago or higher,10,6
446,18-22,1 to 2,12th grade,"Arts, Psychology and Sociology",Urban,4 years ago or higher,10,6
447,18-22,1 to 2,12th grade,"Arts, Psychology and Sociology",Urban,4 years ago or higher,10,6
448,18-22,1 to 2,12th grade,"Arts, Psychology and Sociology",Urban,4 years ago or higher,10,6
449,18-22,1 to 2,Bachelor's Degree,Designing,Urban,4 years ago or higher,10,8
450,23-25,1 to 2,Bachelor's Degree,Designing,Urban,2 years ago,10,8
451,Above 28,1 to 2,Bachelor's Degree,Designing,Urban,3 years ago,10,5
452,18-22,1 to 2,Bachelor's Degree,Designing,Urban,4 years ago or higher,10,8
453,23-25,1 to 2,Bachelor's Degree,Designing,Urban,2 years ago,10,8
454,Above 28,1 to 2,Bachelor's Degree,Designing,Urban,3 years ago,10,5
455,18-22,1 to 2,Bachelor's Degree,Designing,Urban,4 years ago or higher,10,8
456,23-25,1 to 2,Bachelor's Degree,Designing,Urban,2 years ago,10,8
457,Above 28,1 to 2,Bachelor's Degree,Designing,Urban,3 years ago,10,5
458,18-22,1 to 2,Bachelor's Degree,Designing,Urban,4 years ago or higher,10,8
459,23-25,1 to 2,Bachelor's Degree,Designing,Urban,2 years ago,10,8
460,Above 28,1 to 2,Bachelor's Degree,Designing,Urban,3 years ago,10,5
461,18-22,1 to 2,12th grade,Engineering,Urban,4 years ago or higher,10,6
462,26-28,1 to 2,Bachelor's Degree,Engineering,Urban,4 years ago or higher,10,8
463,18-22,1 to 2,12th grade,Engineering,Urban,4 years ago or higher,10,6
464,26-28,1 to 2,Bachelor's Degree,Engineering,Urban,4 years ago or higher,10,8
465,18-22,1 to 2,12th grade,Engineering,Urban,4 years ago or higher,10,6
466,26-28,1 to 2,Bachelor's Degree,Engineering,Urban,4 years ago or higher,10,8
467,18-22,1 to 2,12th grade,Engineering,Urban,4 years ago or higher,10,6
468,26-28,1 to 2,Bachelor's Degree,Engineering,Urban,4 years ago or higher,10,8
469,26-28,1 to 2,Master's Degree,Finance,Urban,4 years ago or higher,10,7
470,26-28,1 to 2,Master's Degree,Finance,Urban,4 years ago or higher,10,10
471,26-28,1 to 2,Master's Degree,Finance,Urban,4 years ago or higher,10,7
472,26-28,1 to 2,Master's Degree,Finance,Urban,4 years ago or higher,10,10
473,26-28,1 to 2,Master's Degree,Finance,Urban,4 years ago or higher,10,7
474,26-28,1 to 2,Master's Degree,Finance,Urban,4 years ago or higher,10,10
475,26-28,1 to 2,Master's Degree,Finance,Urban,4 years ago or higher,10,7
476,26-28,1 to 2,Master's Degree,Finance,Urban,4 years ago or higher,10,10
477,26-28,1 to 2,Bachelor's Degree,Management,Urban,4 years ago or higher,10,10
478,26-28,1 to 2,Bachelor's Degree,Management,Urban,4 years ago or higher,10,10
479,26-28,1 to 2,Bachelor's Degree,Management,Urban,4 years ago or higher,10,10
480,26-28,1 to 2,Bachelor's Degree,Management,Urban,4 years ago or higher,10,10
481,26-28,2 to 3,Bachelor's Degree,"Arts, Psychology and Sociology",Urban,3 years ago,10,6
482,26-28,2 to 3,Bachelor's Degree,"Arts, Psychology and Sociology",Urban,3 years ago,10,6
483,26-28,2 to 3,Bachelor's Degree,"Arts, Psychology and Sociology",Urban,3 years ago,10,6
484,26-28,2 to 3,Bachelor's Degree,"Arts, Psychology and Sociology",Urban,3 years ago,10,6
485,26-28,2 to 3,Bachelor's Degree,Engineering,Urban,4 years ago or higher,10,7
486,26-28,2 to 3,Bachelor's Degree,Engineering,Urban,4 years ago or higher,10,7
487,26-28,2 to 3,Bachelor's Degree,Engineering,Urban,4 years ago or higher,10,7
488,26-28,2 to 3,Bachelor's Degree,Engineering,Urban,4 years ago or higher,10,7
489,18-22,2 to 3,12th grade,Finance,Urban,4 years ago or higher,10,7
490,23-25,2 to 3,12th grade,Finance,Urban,4 years ago or higher,10,6
491,18-22,2 to 3,12th grade,Finance,Urban,4 years ago or higher,10,7
492,23-25,2 to 3,12th grade,Finance,Urban,4 years ago or higher,10,6
493,18-22,2 to 3,12th grade,Finance,Urban,4 years ago or higher,10,7
494,23-25,2 to 3,12th grade,Finance,Urban,4 years ago or higher,10,6
495,18-22,2 to 3,12th grade,Finance,Urban,4 years ago or higher,10,7
496,23-25,2 to 3,12th grade,Finance,Urban,4 years ago or higher,10,6
497,18-22,2 to 3,12th grade,Management,Urban,2 years ago,10,6
498,23-25,2 to 3,Bachelor's Degree,Management,Rural,4 years ago or higher,10,5
499,26-28,2 to 3,Bachelor's Degree,Management,Urban,4 years ago or higher,10,6
500,18-22,2 to 3,12th grade,Management,Urban,2 years ago,10,6
501,23-25,2 to 3,Bachelor's Degree,Management,Rural,4 years ago or higher,10,5
502,26-28,2 to 3,Bachelor's Degree,Management,Urban,4 years ago or higher,10,6
503,18-22,2 to 3,12th grade,Management,Urban,2 years ago,10,6
504,23-25,2 to 3,Bachelor's Degree,Management,Rural,4 years ago or higher,10,5
505,26-28,2 to 3,Bachelor's Degree,Management,Urban,4 years ago or higher,10,6
506,18-22,2 to 3,12th grade,Management,Urban,2 years ago,10,6
507,23-25,2 to 3,Bachelor's Degree,Management,Rural,4 years ago or higher,10,5
508,26-28,2 to 3,Bachelor's Degree,Management,Urban,4 years ago or higher,10,6
509,18-22,2 to 3,Bachelor's Degree,Tourism management,Urban,3 years ago,10,9
510,18-22,2 to 3,Bachelor's Degree,Tourism management,Urban,3 years ago,10,9
511,18-22,2 to 3,Bachelor's Degree,Tourism management,Urban,3 years ago,10,9
512,18-22,2 to 3,Bachelor's Degree,Tourism management,Urban,3 years ago,10,9
513,18-22,>3,12th grade,"Arts, Psychology and Sociology",Rural,4 years ago or higher,11,8
514,Above 28,>3,Diploma,"Arts, Psychology and Sociology",Rural,4 years ago or higher,11,9
515,18-22,>3,12th grade,"Arts, Psychology and Sociology",Rural,4 years ago or higher,11,8
516,Above 28,>3,Diploma,"Arts, Psychology and Sociology",Rural,4 years ago or higher,11,9
517,18-22,>3,12th grade,"Arts, Psychology and Sociology",Rural,4 years ago or higher,11,8
518,Above 28,>3,Diploma,"Arts, Psychology and Sociology",Rural,4 years ago or higher,11,9
519,18-22,>3,12th grade,"Arts, Psychology and Sociology",Rural,4 years ago or higher,11,8
520,Above 28,>3,Diploma,"Arts, Psychology and Sociology",Rural,4 years ago or higher,11,9
521,23-25,>3,12th grade,Finance,Urban,4 years ago or higher,11,7
522,23-25,>3,12th grade,Finance,Urban,4 years ago or higher,11,7
523,23-25,>3,12th grade,Finance,Urban,4 years ago or higher,11,7
524,23-25,>3,12th grade,Finance,Urban,4 years ago or higher,11,7
525,23-25,>3,Master's Degree,Medical,Urban,4 years ago or higher,11,9
526,23-25,>3,Master's Degree,Medical,Urban,4 years ago or higher,11,9
527,23-25,>3,Master's Degree,Medical,Urban,4 years ago or higher,11,9
528,23-25,>3,Master's Degree,Medical,Urban,4 years ago or higher,11,9
529,Above 28,1 to 2,12th grade,"Arts, Psychology and Sociology",Rural,4 years ago or higher,11,6
530,Above 28,1 to 2,12th grade,"Arts, Psychology and Sociology",Rural,4 years ago or higher,11,6
531,Above 28,1 to 2,12th grade,"Arts, Psychology and Sociology",Rural,4 years ago or higher,11,6
532,Above 28,1 to 2,12th grade,"Arts, Psychology and Sociology",Rural,4 years ago or higher,11,6
533,23-25,1 to 2,Bachelor's Degree,Education Teaching,Urban,less than an year ago,11,9
534,23-25,1 to 2,Bachelor's Degree,Education Teaching,Urban,less than an year ago,11,9
535,23-25,1 to 2,Bachelor's Degree,Education Teaching,Urban,less than an year ago,11,9
536,23-25,1 to 2,Bachelor's Degree,Education Teaching,Urban,less than an year ago,11,9
537,26-28,1 to 2,Bachelor's Degree,Engineering,Urban,2 years ago,11,4
538,26-28,1 to 2,Bachelor's Degree,Engineering,Urban,2 years ago,11,4
539,26-28,1 to 2,Bachelor's Degree,Engineering,Urban,2 years ago,11,4
540,26-28,1 to 2,Bachelor's Degree,Engineering,Urban,2 years ago,11,4
541,23-25,1 to 2,Bachelor's Degree,Finance,Rural,less than an year ago,11,10
542,23-25,1 to 2,Bachelor's Degree,Finance,Rural,less than an year ago,11,10
543,23-25,1 to 2,Bachelor's Degree,Finance,Rural,less than an year ago,11,10
544,23-25,1 to 2,Bachelor's Degree,Finance,Rural,less than an year ago,11,10
545,26-28,1 to 2,Bachelor's Degree,Management,Urban,2 years ago,11,5
546,26-28,1 to 2,Bachelor's Degree,Management,Urban,2 years ago,11,5
547,26-28,1 to 2,Bachelor's Degree,Management,Urban,2 years ago,11,5
548,26-28,1 to 2,Bachelor's Degree,Management,Urban,2 years ago,11,5
549,23-25,1 to 2,Bachelor's Degree,Pharmacy,Rural,4 years ago or higher,11,7
550,23-25,1 to 2,Bachelor's Degree,Pharmacy,Rural,4 years ago or higher,11,7
551,23-25,1 to 2,Bachelor's Degree,Pharmacy,Rural,4 years ago or higher,11,7
552,23-25,1 to 2,Bachelor's Degree,Pharmacy,Rural,4 years ago or higher,11,7
553,below 18,2 to 3,10th grade,"Arts, Psychology and Sociology",Urban,4 years ago or higher,11,7
554,below 18,2 to 3,12th grade,"Arts, Psychology and Sociology",Urban,4 years ago or higher,11,5
555,below 18,2 to 3,10th grade,"Arts, Psychology and Sociology",Urban,4 years ago or higher,11,7
556,below 18,2 to 3,12th grade,"Arts, Psychology and Sociology",Urban,4 years ago or higher,11,5
557,below 18,2 to 3,10th grade,"Arts, Psychology and Sociology",Urban,4 years ago or higher,11,7
558,below 18,2 to 3,12th grade,"Arts, Psychology and Sociology",Urban,4 years ago or higher,11,5
559,below 18,2 to 3,10th grade,"Arts, Psychology and Sociology",Urban,4 years ago or higher,11,7
560,below 18,2 to 3,12th grade,"Arts, Psychology and Sociology",Urban,4 years ago or higher,11,5
561,18-22,2 to 3,Bachelor's Degree,Engineering,Urban,4 years ago or higher,11,8
562,18-22,2 to 3,Bachelor's Degree,Engineering,Urban,4 years ago or higher,11,8
563,18-22,2 to 3,Bachelor's Degree,Engineering,Urban,4 years ago or higher,11,8
564,18-22,2 to 3,Bachelor's Degree,Engineering,Urban,4 years ago or higher,11,8
565,23-25,2 to 3,Bachelor's Degree,Finance,Urban,4 years ago or higher,11,7
566,23-25,2 to 3,Bachelor's Degree,Finance,Urban,4 years ago or higher,11,9
567,23-25,2 to 3,Bachelor's Degree,Finance,Urban,4 years ago or higher,11,7
568,23-25,2 to 3,Bachelor's Degree,Finance,Urban,4 years ago or higher,11,9
569,23-25,2 to 3,Bachelor's Degree,Finance,Urban,4 years ago or higher,11,7
570,23-25,2 to 3,Bachelor's Degree,Finance,Urban,4 years ago or higher,11,9
571,23-25,2 to 3,Bachelor's Degree,Finance,Urban,4 years ago or higher,11,7
572,23-25,2 to 3,Bachelor's Degree,Finance,Urban,4 years ago or higher,11,9
573,26-28,<1,Master's Degree,Mass-communication,Urban,3 years ago,12,3
574,26-28,<1,Master's Degree,Mass-communication,Urban,3 years ago,12,3
575,26-28,<1,Master's Degree,Mass-communication,Urban,3 years ago,12,3
576,26-28,<1,Master's Degree,Mass-communication,Urban,3 years ago,12,3
577,23-25,>3,Bachelor's Degree,Designing,Urban,4 years ago or higher,12,7
578,23-25,>3,Bachelor's Degree,Designing,Urban,4 years ago or higher,12,7
579,23-25,>3,Bachelor's Degree,Designing,Urban,4 years ago or higher,12,7
580,23-25,>3,Bachelor's Degree,Designing,Urban,4 years ago or higher,12,7
581,23-25,>3,12th grade,Finance,Urban,4 years ago or higher,12,8
582,23-25,>3,12th grade,Finance,Urban,4 years ago or higher,12,8
583,23-25,>3,12th grade,Finance,Urban,4 years ago or higher,12,8
584,23-25,>3,12th grade,Finance,Urban,4 years ago or higher,12,8
585,18-22,1 to 2,Bachelor's Degree,"Arts, Psychology and Sociology",Urban,4 years ago or higher,12,9
586,Above 28,1 to 2,Diploma,"Arts, Psychology and Sociology",Rural,4 years ago or higher,12,5
587,18-22,1 to 2,Bachelor's Degree,"Arts, Psychology and Sociology",Urban,4 years ago or higher,12,9
588,Above 28,1 to 2,Diploma,"Arts, Psychology and Sociology",Rural,4 years ago or higher,12,5
589,18-22,1 to 2,Bachelor's Degree,"Arts, Psychology and Sociology",Urban,4 years ago or higher,12,9
590,Above 28,1 to 2,Diploma,"Arts, Psychology and Sociology",Rural,4 years ago or higher,12,5
591,18-22,1 to 2,Bachelor's Degree,"Arts, Psychology and Sociology",Urban,4 years ago or higher,12,9
592,Above 28,1 to 2,Diploma,"Arts, Psychology and Sociology",Rural,4 years ago or higher,12,5
593,23-25,1 to 2,Bachelor's Degree,Designing,Urban,4 years ago or higher,12,7
594,23-25,1 to 2,Bachelor's Degree,Designing,Urban,4 years ago or higher,12,7
595,23-25,1 to 2,Bachelor's Degree,Designing,Urban,4 years ago or higher,12,7
596,23-25,1 to 2,Bachelor's Degree,Designing,Urban,4 years ago or higher,12,7
597,18-22,1 to 2,Bachelor's Degree,Engineering,Rural,4 years ago or higher,12,5
598,26-28,1 to 2,Bachelor's Degree,Engineering,Urban,3 years ago,12,8
599,18-22,1 to 2,Bachelor's Degree,Engineering,Rural,4 years ago or higher,12,5
600,26-28,1 to 2,Bachelor's Degree,Engineering,Urban,3 years ago,12,8
601,18-22,1 to 2,Bachelor's Degree,Engineering,Rural,4 years ago or higher,12,5
602,26-28,1 to 2,Bachelor's Degree,Engineering,Urban,3 years ago,12,8
603,18-22,1 to 2,Bachelor's Degree,Engineering,Rural,4 years ago or higher,12,5
604,26-28,1 to 2,Bachelor's Degree,Engineering,Urban,3 years ago,12,8
605,23-25,1 to 2,Bachelor's Degree,Finance,Rural,4 years ago or higher,12,8
606,26-28,1 to 2,Bachelor's Degree,Finance,Rural,4 years ago or higher,12,10
607,23-25,1 to 2,Bachelor's Degree,Finance,Rural,4 years ago or higher,12,8
608,26-28,1 to 2,Bachelor's Degree,Finance,Rural,4 years ago or higher,12,10
609,23-25,1 to 2,Bachelor's Degree,Finance,Rural,4 years ago or higher,12,8
610,26-28,1 to 2,Bachelor's Degree,Finance,Rural,4 years ago or higher,12,10
611,23-25,1 to 2,Bachelor's Degree,Finance,Rural,4 years ago or higher,12,8
612,26-28,1 to 2,Bachelor's Degree,Finance,Rural,4 years ago or higher,12,10
613,18-22,1 to 2,12th grade,Fine Arts,Rural,3 years ago,12,6
614,18-22,1 to 2,12th grade,Fine Arts,Rural,3 years ago,12,6
615,18-22,1 to 2,12th grade,Fine Arts,Rural,3 years ago,12,6
616,18-22,1 to 2,12th grade,Fine Arts,Rural,3 years ago,12,6
617,23-25,1 to 2,Master's Degree,Management,Urban,4 years ago or higher,12,7
618,23-25,1 to 2,Master's Degree,Management,Urban,4 years ago or higher,12,7
619,23-25,1 to 2,Master's Degree,Management,Urban,4 years ago or higher,12,7
620,23-25,1 to 2,Master's Degree,Management,Urban,4 years ago or higher,12,7
621,18-22,2 to 3,12th grade,"Arts, Psychology and Sociology",Urban,4 years ago or higher,12,8
622,18-22,2 to 3,12th grade,"Arts, Psychology and Sociology",Urban,4 years ago or higher,12,8
623,18-22,2 to 3,12th grade,"Arts, Psychology and Sociology",Urban,4 years ago or higher,12,8
624,18-22,2 to 3,12th grade,"Arts, Psychology and Sociology",Urban,4 years ago or higher,12,8
625,23-25,2 to 3,Bachelor's Degree,Designing,Urban,4 years ago or higher,12,9
626,Above 28,2 to 3,Diploma,Designing,Urban,4 years ago or higher,12,8
627,23-25,2 to 3,Bachelor's Degree,Designing,Urban,4 years ago or higher,12,9
628,Above 28,2 to 3,Diploma,Designing,Urban,4 years ago or higher,12,8
629,23-25,2 to 3,Bachelor's Degree,Designing,Urban,4 years ago or higher,12,9
630,Above 28,2 to 3,Diploma,Designing,Urban,4 years ago or higher,12,8
631,23-25,2 to 3,Bachelor's Degree,Designing,Urban,4 years ago or higher,12,9
632,Above 28,2 to 3,Diploma,Designing,Urban,4 years ago or higher,12,8
633,18-22,2 to 3,Bachelor's Degree,Engineering,Urban,4 years ago or higher,12,4
634,26-28,2 to 3,Master's Degree,Engineering,Urban,4 years ago or higher,12,7
635,18-22,2 to 3,Bachelor's Degree,Engineering,Urban,4 years ago or higher,12,4
636,26-28,2 to 3,Master's Degree,Engineering,Urban,4 years ago or higher,12,7
637,18-22,2 to 3,Bachelor's Degree,Engineering,Urban,4 years ago or higher,12,4
638,26-28,2 to 3,Master's Degree,Engineering,Urban,4 years ago or higher,12,7
639,18-22,2 to 3,Bachelor's Degree,Engineering,Urban,4 years ago or higher,12,4
640,26-28,2 to 3,Master's Degree,Engineering,Urban,4 years ago or higher,12,7
641,23-25,2 to 3,Bachelor's Degree,Finance,Urban,4 years ago or higher,12,9
642,23-25,2 to 3,Bachelor's Degree,Finance,Urban,4 years ago or higher,12,9
643,23-25,2 to 3,Bachelor's Degree,Finance,Urban,4 years ago or higher,12,9
644,23-25,2 to 3,Bachelor's Degree,Finance,Urban,4 years ago or higher,12,9
645,18-22,2 to 3,Bachelor's Degree,Fine Arts,Urban,4 years ago or higher,12,7
646,18-22,2 to 3,Bachelor's Degree,Fine Arts,Urban,4 years ago or higher,12,7
647,18-22,2 to 3,Bachelor's Degree,Fine Arts,Urban,4 years ago or higher,12,7
648,18-22,2 to 3,Bachelor's Degree,Fine Arts,Urban,4 years ago or higher,12,7
649,26-28,2 to 3,Master's Degree,Management,Urban,4 years ago or higher,12,7
650,26-28,2 to 3,Master's Degree,Management,Urban,4 years ago or higher,12,7
651,26-28,2 to 3,Master's Degree,Management,Urban,4 years ago or higher,12,7
652,26-28,2 to 3,Master's Degree,Management,Urban,4 years ago or higher,12,7
653,18-22,<1,12th grade,"Arts, Psychology and Sociology",Urban,4 years ago or higher,13,10
654,18-22,<1,12th grade,"Arts, Psychology and Sociology",Urban,4 years ago or higher,13,10
655,18-22,<1,12th grade,"Arts, Psychology and Sociology",Urban,4 years ago or higher,13,10
656,18-22,<1,12th grade,"Arts, Psychology and Sociology",Urban,4 years ago or higher,13,10
657,26-28,<1,Bachelor's Degree,Engineering,Urban,2 years ago,13,6
658,26-28,<1,Bachelor's Degree,Engineering,Urban,2 years ago,13,6
659,26-28,<1,Bachelor's Degree,Engineering,Urban,2 years ago,13,6
660,26-28,<1,Bachelor's Degree,Engineering,Urban,2 years ago,13,6
661,23-25,>3,Bachelor's Degree,Designing,Urban,4 years ago or higher,13,7
662,23-25,>3,Bachelor's Degree,Designing,Urban,4 years ago or higher,13,7
663,23-25,>3,Bachelor's Degree,Designing,Urban,4 years ago or higher,13,7
664,23-25,>3,Bachelor's Degree,Designing,Urban,4 years ago or higher,13,7
665,18-22,>3,Bachelor's Degree,Engineering,Urban,2 years ago,13,8
666,Above 28,>3,Bachelor's Degree,Engineering,Urban,4 years ago or higher,13,5
667,18-22,>3,Bachelor's Degree,Engineering,Urban,2 years ago,13,8
668,Above 28,>3,Bachelor's Degree,Engineering,Urban,4 years ago or higher,13,5
669,18-22,>3,Bachelor's Degree,Engineering,Urban,2 years ago,13,8
670,Above 28,>3,Bachelor's Degree,Engineering,Urban,4 years ago or higher,13,5
671,18-22,>3,Bachelor's Degree,Engineering,Urban,2 years ago,13,8
672,Above 28,>3,Bachelor's Degree,Engineering,Urban,4 years ago or higher,13,5
673,26-28,>3,Bachelor's Degree,Finance,Urban,4 years ago or higher,13,4
674,26-28,>3,Bachelor's Degree,Finance,Urban,4 years ago or higher,13,4
675,26-28,>3,Bachelor's Degree,Finance,Urban,4 years ago or higher,13,4
676,26-28,>3,Bachelor's Degree,Finance,Urban,4 years ago or higher,13,4
677,18-22,1 to 2,12th grade,Engineering,Urban,4 years ago or higher,13,8
678,18-22,1 to 2,Bachelor's Degree,Engineering,Urban,4 years ago or higher,13,8
679,26-28,1 to 2,Bachelor's Degree,Engineering,Urban,4 years ago or higher,13,6
680,18-22,1 to 2,12th grade,Engineering,Urban,4 years ago or higher,13,8
681,18-22,1 to 2,Bachelor's Degree,Engineering,Urban,4 years ago or higher,13,8
682,26-28,1 to 2,Bachelor's Degree,Engineering,Urban,4 years ago or higher,13,6
683,18-22,1 to 2,12th grade,Engineering,Urban,4 years ago or higher,13,8
684,18-22,1 to 2,Bachelor's Degree,Engineering,Urban,4 years ago or higher,13,8
685,26-28,1 to 2,Bachelor's Degree,Engineering,Urban,4 years ago or higher,13,6
686,18-22,1 to 2,12th grade,Engineering,Urban,4 years ago or higher,13,8
687,18-22,1 to 2,Bachelor's Degree,Engineering,Urban,4 years ago or higher,13,8
688,26-28,1 to 2,Bachelor's Degree,Engineering,Urban,4 years ago or higher,13,6
689,18-22,1 to 2,12th grade,Finance,Urban,4 years ago or higher,13,8
690,18-22,1 to 2,Bachelor's Degree,Finance,Urban,3 years ago,13,8
691,18-22,1 to 2,12th grade,Finance,Urban,4 years ago or higher,13,8
692,18-22,1 to 2,Bachelor's Degree,Finance,Urban,3 years ago,13,8
693,18-22,1 to 2,12th grade,Finance,Urban,4 years ago or higher,13,8
694,18-22,1 to 2,Bachelor's Degree,Finance,Urban,3 years ago,13,8
695,18-22,1 to 2,12th grade,Finance,Urban,4 years ago or higher,13,8
696,18-22,1 to 2,Bachelor's Degree,Finance,Urban,3 years ago,13,8
697,23-25,1 to 2,Bachelor's Degree,Management,Rural,4 years ago or higher,13,9
698,23-25,1 to 2,Bachelor's Degree,Management,Rural,4 years ago or higher,13,9
699,23-25,1 to 2,Bachelor's Degree,Management,Rural,4 years ago or higher,13,9
700,23-25,1 to 2,Bachelor's Degree,Management,Rural,4 years ago or higher,13,9
701,Above 28,1 to 2,Master's Degree,Medical,Urban,4 years ago or higher,13,9
702,Above 28,1 to 2,Master's Degree,Medical,Urban,4 years ago or higher,13,9
703,Above 28,1 to 2,Master's Degree,Medical,Urban,4 years ago or higher,13,9
704,Above 28,1 to 2,Master's Degree,Medical,Urban,4 years ago or higher,13,9
705,26-28,2 to 3,Bachelor's Degree,"Arts, Psychology and Sociology",Urban,4 years ago or higher,13,8
706,26-28,2 to 3,Bachelor's Degree,"Arts, Psychology and Sociology",Urban,4 years ago or higher,13,8
707,26-28,2 to 3,Bachelor's Degree,"Arts, Psychology and Sociology",Urban,4 years ago or higher,13,8
708,26-28,2 to 3,Bachelor's Degree,"Arts, Psychology and Sociology",Urban,4 years ago or higher,13,8
709,18-22,2 to 3,12th grade,Engineering,Urban,3 years ago,13,8
710,18-22,2 to 3,12th grade,Engineering,Urban,3 years ago,13,8
711,18-22,2 to 3,12th grade,Engineering,Urban,3 years ago,13,8
712,18-22,2 to 3,12th grade,Engineering,Urban,3 years ago,13,8
713,Above 28,2 to 3,Master's Degree,Management,Urban,4 years ago or higher,13,7
714,Above 28,2 to 3,Master's Degree,Management,Urban,4 years ago or higher,13,7
715,Above 28,2 to 3,Master's Degree,Management,Urban,4 years ago or higher,13,7
716,Above 28,2 to 3,Master's Degree,Management,Urban,4 years ago or higher,13,7
717,23-25,<1,Bachelor's Degree,"Arts, Psychology and Sociology",Urban,less than an year ago,14,10
718,23-25,<1,Bachelor's Degree,"Arts, Psychology and Sociology",Urban,less than an year ago,14,10
719,23-25,<1,Bachelor's Degree,"Arts, Psychology and Sociology",Urban,less than an year ago,14,10
720,23-25,<1,Bachelor's Degree,"Arts, Psychology and Sociology",Urban,less than an year ago,14,10
721,18-22,<1,Bachelor's Degree,Finance,Rural,4 years ago or higher,14,8
722,18-22,<1,Bachelor's Degree,Finance,Rural,4 years ago or higher,14,8
723,18-22,<1,Bachelor's Degree,Finance,Rural,4 years ago or higher,14,8
724,18-22,<1,Bachelor's Degree,Finance,Rural,4 years ago or higher,14,8
725,26-28,>3,Bachelor's Degree,"Arts, Psychology and Sociology",Urban,4 years ago or higher,14,5
726,below 18,>3,12th grade,"Arts, Psychology and Sociology",Urban,2 years ago,14,8
727,26-28,>3,Bachelor's Degree,"Arts, Psychology and Sociology",Urban,4 years ago or higher,14,5
728,below 18,>3,12th grade,"Arts, Psychology and Sociology",Urban,2 years ago,14,8
729,26-28,>3,Bachelor's Degree,"Arts, Psychology and Sociology",Urban,4 years ago or higher,14,5
730,below 18,>3,12th grade,"Arts, Psychology and Sociology",Urban,2 years ago,14,8
731,26-28,>3,Bachelor's Degree,"Arts, Psychology and Sociology",Urban,4 years ago or higher,14,5
732,below 18,>3,12th grade,"Arts, Psychology and Sociology",Urban,2 years ago,14,8
733,18-22,>3,Bachelor's Degree,Management,Urban,3 years ago,14,10
734,18-22,>3,Bachelor's Degree,Management,Urban,4 years ago or higher,14,10
735,18-22,>3,Bachelor's Degree,Management,Urban,3 years ago,14,10
736,18-22,>3,Bachelor's Degree,Management,Urban,4 years ago or higher,14,10
737,18-22,>3,Bachelor's Degree,Management,Urban,3 years ago,14,10
738,18-22,>3,Bachelor's Degree,Management,Urban,4 years ago or higher,14,10
739,18-22,>3,Bachelor's Degree,Management,Urban,3 years ago,14,10
740,18-22,>3,Bachelor's Degree,Management,Urban,4 years ago or higher,14,10
741,18-22,>3,Bachelor's Degree,Mass-communication,Urban,4 years ago or higher,14,8
742,18-22,>3,Bachelor's Degree,Mass-communication,Urban,4 years ago or higher,14,8
743,18-22,>3,Bachelor's Degree,Mass-communication,Urban,4 years ago or higher,14,8
744,18-22,>3,Bachelor's Degree,Mass-communication,Urban,4 years ago or higher,14,8
745,23-25,1 to 2,Bachelor's Degree,Designing,Urban,3 years ago,14,10
746,23-25,1 to 2,Master's Degree,Designing,Urban,4 years ago or higher,14,6
747,23-25,1 to 2,Bachelor's Degree,Designing,Urban,3 years ago,14,10
748,23-25,1 to 2,Master's Degree,Designing,Urban,4 years ago or higher,14,6
749,23-25,1 to 2,Bachelor's Degree,Designing,Urban,3 years ago,14,10
750,23-25,1 to 2,Master's Degree,Designing,Urban,4 years ago or higher,14,6
751,23-25,1 to 2,Bachelor's Degree,Designing,Urban,3 years ago,14,10
752,23-25,1 to 2,Master's Degree,Designing,Urban,4 years ago or higher,14,6
753,23-25,1 to 2,Bachelor's Degree,Education Teaching,Urban,4 years ago or higher,14,5
754,23-25,1 to 2,Bachelor's Degree,Education Teaching,Urban,4 years ago or higher,14,5
755,23-25,1 to 2,Bachelor's Degree,Education Teaching,Urban,4 years ago or higher,14,5
756,23-25,1 to 2,Bachelor's Degree,Education Teaching,Urban,4 years ago or higher,14,5
757,26-28,1 to 2,Master's Degree,Engineering,Urban,4 years ago or higher,14,6
758,Above 28,1 to 2,Bachelor's Degree,Engineering,Urban,4 years ago or higher,14,9
759,Above 28,1 to 2,Bachelor's Degree,Engineering,Urban,4 years ago or higher,14,5
760,26-28,1 to 2,Master's Degree,Engineering,Urban,4 years ago or higher,14,6
761,Above 28,1 to 2,Bachelor's Degree,Engineering,Urban,4 years ago or higher,14,9
762,Above 28,1 to 2,Bachelor's Degree,Engineering,Urban,4 years ago or higher,14,5
763,26-28,1 to 2,Master's Degree,Engineering,Urban,4 years ago or higher,14,6
764,Above 28,1 to 2,Bachelor's Degree,Engineering,Urban,4 years ago or higher,14,9
765,Above 28,1 to 2,Bachelor's Degree,Engineering,Urban,4 years ago or higher,14,5
766,26-28,1 to 2,Master's Degree,Engineering,Urban,4 years ago or higher,14,6
767,Above 28,1 to 2,Bachelor's Degree,Engineering,Urban,4 years ago or higher,14,9
768,Above 28,1 to 2,Bachelor's Degree,Engineering,Urban,4 years ago or higher,14,5
769,23-25,1 to 2,Bachelor's Degree,Finance,Urban,4 years ago or higher,14,8
770,23-25,1 to 2,Bachelor's Degree,Finance,Urban,4 years ago or higher,14,8
771,23-25,1 to 2,Bachelor's Degree,Finance,Urban,4 years ago or higher,14,8
772,23-25,1 to 2,Bachelor's Degree,Finance,Urban,4 years ago or higher,14,8
773,18-22,2 to 3,Bachelor's Degree,Engineering,Urban,4 years ago or higher,14,5
774,23-25,2 to 3,12th grade,Engineering,Rural,2 years ago,14,7
775,23-25,2 to 3,Bachelor's Degree,Engineering,Urban,4 years ago or higher,14,7
776,below 18,2 to 3,12th grade,Engineering,Urban,2 years ago,14,6
777,18-22,2 to 3,Bachelor's Degree,Engineering,Urban,4 years ago or higher,14,5
778,23-25,2 to 3,12th grade,Engineering,Rural,2 years ago,14,7
779,23-25,2 to 3,Bachelor's Degree,Engineering,Urban,4 years ago or higher,14,7
780,below 18,2 to 3,12th grade,Engineering,Urban,2 years ago,14,6
781,18-22,2 to 3,Bachelor's Degree,Engineering,Urban,4 years ago or higher,14,5
782,23-25,2 to 3,12th grade,Engineering,Rural,2 years ago,14,7
783,23-25,2 to 3,Bachelor's Degree,Engineering,Urban,4 years ago or higher,14,7
784,below 18,2 to 3,12th grade,Engineering,Urban,2 years ago,14,6
785,18-22,2 to 3,Bachelor's Degree,Engineering,Urban,4 years ago or higher,14,5
786,23-25,2 to 3,12th grade,Engineering,Rural,2 years ago,14,7
787,23-25,2 to 3,Bachelor's Degree,Engineering,Urban,4 years ago or higher,14,7
788,below 18,2 to 3,12th grade,Engineering,Urban,2 years ago,14,6
789,23-25,2 to 3,Master's Degree,Management,Urban,4 years ago or higher,14,5
790,23-25,2 to 3,Master's Degree,Management,Urban,4 years ago or higher,14,5
791,23-25,2 to 3,Master's Degree,Management,Urban,4 years ago or higher,14,5
792,23-25,2 to 3,Master's Degree,Management,Urban,4 years ago or higher,14,5
793,Above 28,>3,Diploma,Designing,Urban,4 years ago or higher,15,8
794,Above 28,>3,Diploma,Designing,Urban,4 years ago or higher,15,8
795,Above 28,>3,Diploma,Designing,Urban,4 years ago or higher,15,8
796,Above 28,>3,Diploma,Designing,Urban,4 years ago or higher,15,8
797,26-28,>3,Master's Degree,Engineering,Urban,4 years ago or higher,15,7
798,26-28,>3,Master's Degree,Engineering,Urban,4 years ago or higher,15,7
799,26-28,>3,Master's Degree,Engineering,Urban,4 years ago or higher,15,7
800,26-28,>3,Master's Degree,Engineering,Urban,4 years ago or higher,15,7
801,18-22,>3,12th grade,Finance,Urban,4 years ago or higher,15,8
802,18-22,>3,12th grade,Finance,Urban,4 years ago or higher,15,8
803,18-22,>3,12th grade,Finance,Urban,4 years ago or higher,15,8
804,18-22,>3,12th grade,Finance,Urban,4 years ago or higher,15,8
805,18-22,>3,12th grade,Management,Urban,4 years ago or higher,15,8
806,18-22,>3,12th grade,Management,Urban,4 years ago or higher,15,8
807,18-22,>3,12th grade,Management,Urban,4 years ago or higher,15,8
808,18-22,>3,12th grade,Management,Urban,4 years ago or higher,15,8
809,26-28,1 to 2,Bachelor's Degree,Engineering,Rural,4 years ago or higher,15,6
810,26-28,1 to 2,Bachelor's Degree,Engineering,Rural,4 years ago or higher,15,6
811,26-28,1 to 2,Bachelor's Degree,Engineering,Rural,4 years ago or higher,15,6
812,26-28,1 to 2,Bachelor's Degree,Engineering,Rural,4 years ago or higher,15,6
813,18-22,1 to 2,Bachelor's Degree,Finance,Urban,4 years ago or higher,15,9
814,18-22,1 to 2,Bachelor's Degree,Finance,Urban,4 years ago or higher,15,9
815,18-22,1 to 2,Bachelor's Degree,Finance,Urban,4 years ago or higher,15,9
816,18-22,1 to 2,Bachelor's Degree,Finance,Urban,4 years ago or higher,15,9
817,Above 28,1 to 2,Master's Degree,Medical,Urban,4 years ago or higher,15,8
818,Above 28,1 to 2,Master's Degree,Medical,Urban,4 years ago or higher,15,8
819,Above 28,1 to 2,Master's Degree,Medical,Urban,4 years ago or higher,15,8
820,Above 28,1 to 2,Master's Degree,Medical,Urban,4 years ago or higher,15,8
821,18-22,2 to 3,12th grade,"Arts, Psychology and Sociology",Urban,4 years ago or higher,15,4
822,18-22,2 to 3,12th grade,"Arts, Psychology and Sociology",Urban,4 years ago or higher,15,4
823,18-22,2 to 3,12th grade,"Arts, Psychology and Sociology",Urban,4 years ago or higher,15,4
824,18-22,2 to 3,12th grade,"Arts, Psychology and Sociology",Urban,4 years ago or higher,15,4
825,18-22,2 to 3,Bachelor's Degree,Fine Arts,Urban,4 years ago or higher,15,8
826,18-22,2 to 3,Bachelor's Degree,Fine Arts,Urban,4 years ago or higher,15,8
827,18-22,2 to 3,Bachelor's Degree,Fine Arts,Urban,4 years ago or higher,15,8
828,18-22,2 to 3,Bachelor's Degree,Fine Arts,Urban,4 years ago or higher,15,8
829,18-22,2 to 3,Bachelor's Degree,Fine Arts,Urban,4 years ago or higher,15,8
830,18-22,2 to 3,Bachelor's Degree,Fine Arts,Urban,4 years ago or higher,15,8
831,18-22,2 to 3,Bachelor's Degree,Fine Arts,Urban,4 years ago or higher,15,8
832,18-22,2 to 3,Bachelor's Degree,Fine Arts,Urban,4 years ago or higher,15,8
833,18-22,2 to 3,Bachelor's Degree,Management,Urban,4 years ago or higher,15,9
834,23-25,2 to 3,Master's Degree,Management,Urban,4 years ago or higher,15,10
835,18-22,2 to 3,Bachelor's Degree,Management,Urban,4 years ago or higher,15,9
836,23-25,2 to 3,Master's Degree,Management,Urban,4 years ago or higher,15,10
837,18-22,2 to 3,Bachelor's Degree,Management,Urban,4 years ago or higher,15,9
838,23-25,2 to 3,Master's Degree,Management,Urban,4 years ago or higher,15,10
839,18-22,2 to 3,Bachelor's Degree,Management,Urban,4 years ago or higher,15,9
840,23-25,2 to 3,Master's Degree,Management,Urban,4 years ago or higher,15,10
841,18-22,<1,Bachelor's Degree,"Arts, Psychology and Sociology",Urban,2 years ago,16,8
842,18-22,<1,Bachelor's Degree,"Arts, Psychology and Sociology",Urban,2 years ago,16,8
843,18-22,<1,Bachelor's Degree,"Arts, Psychology and Sociology",Urban,2 years ago,16,8
844,18-22,<1,Bachelor's Degree,"Arts, Psychology and Sociology",Urban,2 years ago,16,8
845,23-25,>3,12th grade,"Arts, Psychology and Sociology",Urban,4 years ago or higher,16,9
846,23-25,>3,12th grade,"Arts, Psychology and Sociology",Urban,4 years ago or higher,16,9
847,23-25,>3,12th grade,"Arts, Psychology and Sociology",Urban,4 years ago or higher,16,9
848,23-25,>3,12th grade,"Arts, Psychology and Sociology",Urban,4 years ago or higher,16,9
849,18-22,>3,12th grade,Designing,Urban,4 years ago or higher,16,8
850,23-25,>3,Master's Degree,Designing,Urban,2 years ago,16,8
851,18-22,>3,12th grade,Designing,Urban,4 years ago or higher,16,8
852,23-25,>3,Master's Degree,Designing,Urban,2 years ago,16,8
853,18-22,>3,12th grade,Designing,Urban,4 years ago or higher,16,8
854,23-25,>3,Master's Degree,Designing,Urban,2 years ago,16,8
855,18-22,>3,12th grade,Designing,Urban,4 years ago or higher,16,8
856,23-25,>3,Master's Degree,Designing,Urban,2 years ago,16,8
857,23-25,>3,Bachelor's Degree,Finance,Rural,4 years ago or higher,16,8
858,23-25,>3,Bachelor's Degree,Finance,Rural,4 years ago or higher,16,8
859,23-25,>3,Bachelor's Degree,Finance,Rural,4 years ago or higher,16,8
860,23-25,>3,Bachelor's Degree,Finance,Rural,4 years ago or higher,16,8
861,23-25,>3,Master's Degree,Management,Urban,4 years ago or higher,16,7
862,23-25,>3,Master's Degree,Management,Urban,4 years ago or higher,16,7
863,23-25,>3,Master's Degree,Management,Urban,4 years ago or higher,16,7
864,23-25,>3,Master's Degree,Management,Urban,4 years ago or higher,16,7
865,18-22,1 to 2,12th grade,Designing,Urban,4 years ago or higher,16,9
866,18-22,1 to 2,12th grade,Designing,Urban,4 years ago or higher,16,9
867,18-22,1 to 2,12th grade,Designing,Urban,4 years ago or higher,16,9
868,18-22,1 to 2,12th grade,Designing,Urban,4 years ago or higher,16,9
869,26-28,1 to 2,Master's Degree,Education Teaching,Rural,4 years ago or higher,16,6
870,26-28,1 to 2,Master's Degree,Education Teaching,Rural,4 years ago or higher,16,6
871,26-28,1 to 2,Master's Degree,Education Teaching,Rural,4 years ago or higher,16,6
872,26-28,1 to 2,Master's Degree,Education Teaching,Rural,4 years ago or higher,16,6
873,18-22,1 to 2,Bachelor's Degree,Finance,Urban,3 years ago,16,7
874,18-22,1 to 2,Bachelor's Degree,Finance,Urban,3 years ago,16,7
875,18-22,1 to 2,Bachelor's Degree,Finance,Urban,3 years ago,16,7
876,18-22,1 to 2,Bachelor's Degree,Finance,Urban,3 years ago,16,7
877,23-25,1 to 2,Master's Degree,Mass-communication,Urban,2 years ago,16,6
878,23-25,1 to 2,Master's Degree,Mass-communication,Urban,2 years ago,16,6
879,23-25,1 to 2,Master's Degree,Mass-communication,Urban,2 years ago,16,6
880,23-25,1 to 2,Master's Degree,Mass-communication,Urban,2 years ago,16,6
881,23-25,1 to 2,Bachelor's Degree,Pharmacy,Urban,4 years ago or higher,16,5
882,23-25,1 to 2,Bachelor's Degree,Pharmacy,Urban,4 years ago or higher,16,5
883,23-25,1 to 2,Bachelor's Degree,Pharmacy,Urban,4 years ago or higher,16,5
884,23-25,1 to 2,Bachelor's Degree,Pharmacy,Urban,4 years ago or higher,16,5
885,18-22,2 to 3,12th grade,Engineering,Urban,4 years ago or higher,16,6
886,below 18,2 to 3,10th grade,Engineering,Urban,less than an year ago,16,7
887,18-22,2 to 3,12th grade,Engineering,Urban,4 years ago or higher,16,6
888,below 18,2 to 3,10th grade,Engineering,Urban,less than an year ago,16,7
889,18-22,2 to 3,12th grade,Engineering,Urban,4 years ago or higher,16,6
890,below 18,2 to 3,10th grade,Engineering,Urban,less than an year ago,16,7
891,18-22,2 to 3,12th grade,Engineering,Urban,4 years ago or higher,16,6
892,below 18,2 to 3,10th grade,Engineering,Urban,less than an year ago,16,7
893,23-25,2 to 3,Master's Degree,Management,Urban,4 years ago or higher,16,9
894,23-25,2 to 3,Master's Degree,Management,Urban,4 years ago or higher,16,9
895,23-25,2 to 3,Master's Degree,Management,Urban,4 years ago or higher,16,9
896,23-25,2 to 3,Master's Degree,Management,Urban,4 years ago or higher,16,9
897,18-22,>3,Bachelor's Degree,"Arts, Psychology and Sociology",Urban,4 years ago or higher,17,10
898,18-22,>3,Bachelor's Degree,"Arts, Psychology and Sociology",Urban,4 years ago or higher,17,10
899,18-22,>3,Bachelor's Degree,"Arts, Psychology and Sociology",Urban,4 years ago or higher,17,10
900,18-22,>3,Bachelor's Degree,"Arts, Psychology and Sociology",Urban,4 years ago or higher,17,10
901,23-25,>3,Bachelor's Degree,Engineering,Urban,4 years ago or higher,17,7
902,23-25,>3,Bachelor's Degree,Engineering,Urban,4 years ago or higher,17,7
903,23-25,>3,Bachelor's Degree,Engineering,Urban,4 years ago or higher,17,7
904,23-25,>3,Bachelor's Degree,Engineering,Urban,4 years ago or higher,17,7
905,23-25,1 to 2,12th grade,"Arts, Psychology and Sociology",Urban,3 years ago,17,7
906,23-25,1 to 2,12th grade,"Arts, Psychology and Sociology",Urban,3 years ago,17,7
907,23-25,1 to 2,12th grade,"Arts, Psychology and Sociology",Urban,3 years ago,17,7
908,23-25,1 to 2,12th grade,"Arts, Psychology and Sociology",Urban,3 years ago,17,7
909,23-25,1 to 2,Master's Degree,Education Teaching,Urban,4 years ago or higher,17,7
910,23-25,1 to 2,Master's Degree,Education Teaching,Urban,4 years ago or higher,17,7
911,23-25,1 to 2,Master's Degree,Education Teaching,Urban,4 years ago or higher,17,7
912,23-25,1 to 2,Master's Degree,Education Teaching,Urban,4 years ago or higher,17,7
913,18-22,1 to 2,Bachelor's Degree,Management,Urban,3 years ago,17,5
914,18-22,1 to 2,Bachelor's Degree,Management,Urban,3 years ago,17,5
915,18-22,1 to 2,Bachelor's Degree,Management,Urban,3 years ago,17,5
916,18-22,1 to 2,Bachelor's Degree,Management,Urban,3 years ago,17,5
917,23-25,2 to 3,Master's Degree,"Arts, Psychology and Sociology",Rural,2 years ago,17,7
918,23-25,2 to 3,Master's Degree,"Arts, Psychology and Sociology",Rural,2 years ago,17,7
919,23-25,2 to 3,Master's Degree,"Arts, Psychology and Sociology",Rural,2 years ago,17,7
920,23-25,2 to 3,Master's Degree,"Arts, Psychology and Sociology",Rural,2 years ago,17,7
921,23-25,2 to 3,Master's Degree,Engineering,Urban,4 years ago or higher,17,8
922,23-25,2 to 3,Master's Degree,Engineering,Urban,4 years ago or higher,17,8
923,23-25,2 to 3,Master's Degree,Engineering,Urban,4 years ago or higher,17,8
924,23-25,2 to 3,Master's Degree,Engineering,Urban,4 years ago or higher,17,8
925,23-25,<1,Bachelor's Degree,"Arts, Psychology and Sociology",Urban,less than an year ago,18,8
926,23-25,<1,Bachelor's Degree,"Arts, Psychology and Sociology",Urban,less than an year ago,18,8
927,23-25,<1,Bachelor's Degree,"Arts, Psychology and Sociology",Urban,less than an year ago,18,8
928,23-25,<1,Bachelor's Degree,"Arts, Psychology and Sociology",Urban,less than an year ago,18,8
929,Above 28,<1,Master's Degree,Medical,Urban,4 years ago or higher,18,6
930,Above 28,<1,Master's Degree,Medical,Urban,4 years ago or higher,18,6
931,Above 28,<1,Master's Degree,Medical,Urban,4 years ago or higher,18,6
932,Above 28,<1,Master's Degree,Medical,Urban,4 years ago or higher,18,6
933,18-22,>3,12th grade,Designing,Urban,2 years ago,18,7
934,18-22,>3,12th grade,Designing,Urban,4 years ago or higher,18,7
935,18-22,>3,12th grade,Designing,Urban,2 years ago,18,7
936,18-22,>3,12th grade,Designing,Urban,4 years ago or higher,18,7
937,18-22,>3,12th grade,Designing,Urban,2 years ago,18,7
938,18-22,>3,12th grade,Designing,Urban,4 years ago or higher,18,7
939,18-22,>3,12th grade,Designing,Urban,2 years ago,18,7
940,18-22,>3,12th grade,Designing,Urban,4 years ago or higher,18,7
941,18-22,>3,12th grade,Finance,Urban,4 years ago or higher,18,9
942,18-22,>3,12th grade,Finance,Urban,4 years ago or higher,18,9
943,18-22,>3,12th grade,Finance,Urban,4 years ago or higher,18,9
944,18-22,>3,12th grade,Finance,Urban,4 years ago or higher,18,9
945,23-25,1 to 2,Bachelor's Degree,Education Teaching,Urban,4 years ago or higher,18,8
946,23-25,1 to 2,Bachelor's Degree,Education Teaching,Urban,4 years ago or higher,18,8
947,23-25,1 to 2,Bachelor's Degree,Education Teaching,Urban,4 years ago or higher,18,8
948,23-25,1 to 2,Bachelor's Degree,Education Teaching,Urban,4 years ago or higher,18,8
949,18-22,1 to 2,12th grade,Finance,Rural,4 years ago or higher,18,9
950,18-22,1 to 2,12th grade,Finance,Rural,4 years ago or higher,18,9
951,18-22,1 to 2,12th grade,Finance,Rural,4 years ago or higher,18,9
952,18-22,1 to 2,12th grade,Finance,Rural,4 years ago or higher,18,9
953,18-22,1 to 2,Bachelor's Degree,Management,Urban,3 years ago,18,3
954,23-25,1 to 2,Bachelor's Degree,Management,Rural,less than an year ago,18,7
955,18-22,1 to 2,Bachelor's Degree,Management,Urban,3 years ago,18,3
956,23-25,1 to 2,Bachelor's Degree,Management,Rural,less than an year ago,18,7
957,18-22,1 to 2,Bachelor's Degree,Management,Urban,3 years ago,18,3
958,23-25,1 to 2,Bachelor's Degree,Management,Rural,less than an year ago,18,7
959,18-22,1 to 2,Bachelor's Degree,Management,Urban,3 years ago,18,3
960,23-25,1 to 2,Bachelor's Degree,Management,Rural,less than an year ago,18,7
961,23-25,2 to 3,Bachelor's Degree,Management,Urban,4 years ago or higher,18,7
962,23-25,2 to 3,Bachelor's Degree,Management,Urban,4 years ago or higher,18,7
963,23-25,2 to 3,Bachelor's Degree,Management,Urban,4 years ago or higher,18,7
964,23-25,2 to 3,Bachelor's Degree,Management,Urban,4 years ago or higher,18,7
965,18-22,>3,12th grade,"Arts, Psychology and Sociology",Urban,4 years ago or higher,19,3
966,18-22,>3,12th grade,"Arts, Psychology and Sociology",Urban,4 years ago or higher,19,3
967,18-22,>3,12th grade,"Arts, Psychology and Sociology",Urban,4 years ago or higher,19,3
968,18-22,>3,12th grade,"Arts, Psychology and Sociology",Urban,4 years ago or higher,19,3
969,23-25,>3,Bachelor's Degree,Engineering,Rural,4 years ago or higher,19,8
970,26-28,>3,Master's Degree,Engineering,Urban,4 years ago or higher,19,5
971,23-25,>3,Bachelor's Degree,Engineering,Rural,4 years ago or higher,19,8
972,26-28,>3,Master's Degree,Engineering,Urban,4 years ago or higher,19,5
973,23-25,>3,Bachelor's Degree,Engineering,Rural,4 years ago or higher,19,8
974,26-28,>3,Master's Degree,Engineering,Urban,4 years ago or higher,19,5
975,23-25,>3,Bachelor's Degree,Engineering,Rural,4 years ago or higher,19,8
976,26-28,>3,Master's Degree,Engineering,Urban,4 years ago or higher,19,5
977,26-28,>3,Bachelor's Degree,Management,Urban,4 years ago or higher,19,7
978,26-28,>3,Bachelor's Degree,Management,Urban,4 years ago or higher,19,7
979,26-28,>3,Bachelor's Degree,Management,Urban,4 years ago or higher,19,7
980,26-28,>3,Bachelor's Degree,Management,Urban,4 years ago or higher,19,7
981,23-25,1 to 2,Bachelor's Degree,Engineering,Urban,4 years ago or higher,19,8
982,23-25,1 to 2,Bachelor's Degree,Engineering,Urban,4 years ago or higher,19,8
983,23-25,1 to 2,Bachelor's Degree,Engineering,Urban,4 years ago or higher,19,8
984,23-25,1 to 2,Bachelor's Degree,Engineering,Urban,4 years ago or higher,19,8
985,23-25,2 to 3,Bachelor's Degree,"Arts, Psychology and Sociology",Urban,less than an year ago,19,7
986,23-25,2 to 3,Bachelor's Degree,"Arts, Psychology and Sociology",Urban,less than an year ago,19,7
987,23-25,2 to 3,Bachelor's Degree,"Arts, Psychology and Sociology",Urban,less than an year ago,19,7
988,23-25,2 to 3,Bachelor's Degree,"Arts, Psychology and Sociology",Urban,less than an year ago,19,7
989,18-22,2 to 3,12th grade,Designing,Urban,2 years ago,19,7
990,18-22,2 to 3,12th grade,Designing,Urban,2 years ago,19,7
991,18-22,2 to 3,12th grade,Designing,Urban,2 years ago,19,7
992,18-22,2 to 3,12th grade,Designing,Urban,2 years ago,19,7
993,18-22,2 to 3,12th grade,Engineering,Urban,3 years ago,19,7
994,18-22,2 to 3,Bachelor's Degree,Engineering,Urban,4 years ago or higher,19,5
995,23-25,2 to 3,Bachelor's Degree,Engineering,Rural,4 years ago or higher,19,9
996,18-22,2 to 3,12th grade,Engineering,Urban,3 years ago,19,7
997,18-22,2 to 3,Bachelor's Degree,Engineering,Urban,4 years ago or higher,19,5
998,23-25,2 to 3,Bachelor's Degree,Engineering,Rural,4 years ago or higher,19,9
999,18-22,2 to 3,12th grade,Engineering,Urban,3 years ago,19,7
1000,18-22,2 to 3,Bachelor's Degree,Engineering,Urban,4 years ago or higher,19,5
1001,23-25,2 to 3,Bachelor's Degree,Engineering,Rural,4 years ago or higher,19,9
1002,18-22,2 to 3,12th grade,Engineering,Urban,3 years ago,19,7
1003,18-22,2 to 3,Bachelor's Degree,Engineering,Urban,4 years ago or higher,19,5
1004,23-25,2 to 3,Bachelor's Degree,Engineering,Rural,4 years ago or higher,19,9
1005,18-22,2 to 3,12th grade,Finance,Urban,3 years ago,19,4
1006,18-22,2 to 3,Bachelor's Degree,Finance,Urban,4 years ago or higher,19,10
1007,23-25,2 to 3,Bachelor's Degree,Finance,Urban,4 years ago or higher,19,7
1008,26-28,2 to 3,Bachelor's Degree,Finance,Urban,4 years ago or higher,19,7
1009,18-22,2 to 3,12th grade,Finance,Urban,3 years ago,19,4
1010,18-22,2 to 3,Bachelor's Degree,Finance,Urban,4 years ago or higher,19,10
1011,23-25,2 to 3,Bachelor's Degree,Finance,Urban,4 years ago or higher,19,7
1012,26-28,2 to 3,Bachelor's Degree,Finance,Urban,4 years ago or higher,19,7
1013,18-22,2 to 3,12th grade,Finance,Urban,3 years ago,19,4
1014,18-22,2 to 3,Bachelor's Degree,Finance,Urban,4 years ago or higher,19,10
1015,23-25,2 to 3,Bachelor's Degree,Finance,Urban,4 years ago or higher,19,7
1016,26-28,2 to 3,Bachelor's Degree,Finance,Urban,4 years ago or higher,19,7
1017,18-22,2 to 3,12th grade,Finance,Urban,3 years ago,19,4
1018,18-22,2 to 3,Bachelor's Degree,Finance,Urban,4 years ago or higher,19,10
1019,23-25,2 to 3,Bachelor's Degree,Finance,Urban,4 years ago or higher,19,7
1020,26-28,2 to 3,Bachelor's Degree,Finance,Urban,4 years ago or higher,19,7
1021,26-28,2 to 3,Master's Degree,Management,Urban,4 years ago or higher,19,6
1022,26-28,2 to 3,Master's Degree,Management,Urban,4 years ago or higher,19,6
1023,26-28,2 to 3,Master's Degree,Management,Urban,4 years ago or higher,19,6
1024,26-28,2 to 3,Master's Degree,Management,Urban,4 years ago or higher,19,6
1025,23-25,2 to 3,Master's Degree,Mass-communication,Urban,4 years ago or higher,19,6
1026,23-25,2 to 3,Master's Degree,Mass-communication,Urban,4 years ago or higher,19,6
1027,23-25,2 to 3,Master's Degree,Mass-communication,Urban,4 years ago or higher,19,6
1028,23-25,2 to 3,Master's Degree,Mass-communication,Urban,4 years ago or higher,19,6
1029,23-25,2 to 3,Bachelor's Degree,Pharmacy,Urban,4 years ago or higher,19,6
1030,23-25,2 to 3,Bachelor's Degree,Pharmacy,Urban,4 years ago or higher,19,6
1031,23-25,2 to 3,Bachelor's Degree,Pharmacy,Urban,4 years ago or higher,19,6
1032,23-25,2 to 3,Bachelor's Degree,Pharmacy,Urban,4 years ago or higher,19,6
1033,23-25,>3,Bachelor's Degree,Engineering,Urban,4 years ago or higher,20,7
1034,23-25,>3,Bachelor's Degree,Engineering,Urban,4 years ago or higher,20,7
1035,23-25,>3,Bachelor's Degree,Engineering,Urban,4 years ago or higher,20,7
1036,23-25,>3,Bachelor's Degree,Engineering,Urban,4 years ago or higher,20,7
1037,18-22,2 to 3,Bachelor's Degree,Management,Urban,4 years ago or higher,20,6
1038,23-25,2 to 3,Bachelor's Degree,Management,Rural,4 years ago or higher,20,8
1039,18-22,2 to 3,Bachelor's Degree,Management,Urban,4 years ago or higher,20,6
1040,23-25,2 to 3,Bachelor's Degree,Management,Rural,4 years ago or higher,20,8
1041,18-22,2 to 3,Bachelor's Degree,Management,Urban,4 years ago or higher,20,6
1042,23-25,2 to 3,Bachelor's Degree,Management,Rural,4 years ago or higher,20,8
1043,18-22,2 to 3,Bachelor's Degree,Management,Urban,4 years ago or higher,20,6
1044,23-25,2 to 3,Bachelor's Degree,Management,Rural,4 years ago or higher,20,8
1045,Above 28,2 to 3,Master's Degree,Nursing,Urban,4 years ago or higher,20,5
1046,Above 28,2 to 3,Master's Degree,Nursing,Urban,4 years ago or higher,20,5
1047,Above 28,2 to 3,Master's Degree,Nursing,Urban,4 years ago or higher,20,5
1048,Above 28,2 to 3,Master's Degree,Nursing,Urban,4 years ago or higher,20,5
1049,Above 28,2 to 3,Master's Degree,Tourism management,Urban,3 years ago,20,7
1050,Above 28,2 to 3,Master's Degree,Tourism management,Urban,3 years ago,20,7
1051,Above 28,2 to 3,Master's Degree,Tourism management,Urban,3 years ago,20,7
1052,Above 28,2 to 3,Master's Degree,Tourism management,Urban,3 years ago,20,7
1053,Above 28,>3,Bachelor's Degree,"Arts, Psychology and Sociology",Rural,4 years ago or higher,21,6
1054,Above 28,>3,Bachelor's Degree,"Arts, Psychology and Sociology",Rural,4 years ago or higher,21,6
1055,Above 28,>3,Bachelor's Degree,"Arts, Psychology and Sociology",Rural,4 years ago or higher,21,6
1056,Above 28,>3,Bachelor's Degree,"Arts, Psychology and Sociology",Rural,4 years ago or higher,21,6
1057,Above 28,>3,Bachelor's Degree,Engineering,Urban,4 years ago or higher,21,5
1058,Above 28,>3,Bachelor's Degree,Engineering,Urban,4 years ago or higher,21,5
1059,Above 28,>3,Bachelor's Degree,Engineering,Urban,4 years ago or higher,21,5
1060,Above 28,>3,Bachelor's Degree,Engineering,Urban,4 years ago or higher,21,5
1061,18-22,>3,12th grade,Finance,Urban,4 years ago or higher,21,5
1062,18-22,>3,12th grade,Finance,Urban,4 years ago or higher,21,5
1063,18-22,>3,12th grade,Finance,Urban,4 years ago or higher,21,5
1064,18-22,>3,12th grade,Finance,Urban,4 years ago or higher,21,5
1065,18-22,>3,12th grade,Fine Arts,Urban,3 years ago,21,7
1066,18-22,>3,12th grade,Fine Arts,Urban,3 years ago,21,7
1067,18-22,>3,12th grade,Fine Arts,Urban,3 years ago,21,7
1068,18-22,>3,12th grade,Fine Arts,Urban,3 years ago,21,7
1069,18-22,1 to 2,Master's Degree,"Arts, Psychology and Sociology",Urban,4 years ago or higher,21,7
1070,18-22,1 to 2,Master's Degree,"Arts, Psychology and Sociology",Urban,4 years ago or higher,21,7
1071,18-22,1 to 2,Master's Degree,"Arts, Psychology and Sociology",Urban,4 years ago or higher,21,7
1072,18-22,1 to 2,Master's Degree,"Arts, Psychology and Sociology",Urban,4 years ago or higher,21,7
1073,Above 28,1 to 2,Bachelor's Degree,Designing,Urban,4 years ago or higher,21,10
1074,Above 28,1 to 2,Bachelor's Degree,Designing,Urban,4 years ago or higher,21,10
1075,Above 28,1 to 2,Bachelor's Degree,Designing,Urban,4 years ago or higher,21,10
1076,Above 28,1 to 2,Bachelor's Degree,Designing,Urban,4 years ago or higher,21,10
1077,23-25,1 to 2,12th grade,Engineering,Urban,4 years ago or higher,21,8
1078,23-25,1 to 2,12th grade,Engineering,Urban,4 years ago or higher,21,8
1079,23-25,1 to 2,12th grade,Engineering,Urban,4 years ago or higher,21,8
1080,23-25,1 to 2,12th grade,Engineering,Urban,4 years ago or higher,21,8
1081,26-28,1 to 2,Bachelor's Degree,Finance,Urban,3 years ago,21,6
1082,26-28,1 to 2,Bachelor's Degree,Finance,Urban,4 years ago or higher,21,5
1083,26-28,1 to 2,Bachelor's Degree,Finance,Urban,3 years ago,21,6
1084,26-28,1 to 2,Bachelor's Degree,Finance,Urban,4 years ago or higher,21,5
1085,26-28,1 to 2,Bachelor's Degree,Finance,Urban,3 years ago,21,6
1086,26-28,1 to 2,Bachelor's Degree,Finance,Urban,4 years ago or higher,21,5
1087,26-28,1 to 2,Bachelor's Degree,Finance,Urban,3 years ago,21,6
1088,26-28,1 to 2,Bachelor's Degree,Finance,Urban,4 years ago or higher,21,5
1089,18-22,>3,12th grade,Designing,Urban,2 years ago,22,8
1090,18-22,>3,12th grade,Designing,Urban,2 years ago,22,8
1091,18-22,>3,12th grade,Designing,Urban,2 years ago,22,8
1092,18-22,>3,12th grade,Designing,Urban,2 years ago,22,8
1093,26-28,>3,Master's Degree,Finance,Urban,4 years ago or higher,22,6
1094,Above 28,>3,Diploma,Finance,Urban,4 years ago or higher,22,5
1095,26-28,>3,Master's Degree,Finance,Urban,4 years ago or higher,22,6
1096,Above 28,>3,Diploma,Finance,Urban,4 years ago or higher,22,5
1097,26-28,>3,Master's Degree,Finance,Urban,4 years ago or higher,22,6
1098,Above 28,>3,Diploma,Finance,Urban,4 years ago or higher,22,5
1099,26-28,>3,Master's Degree,Finance,Urban,4 years ago or higher,22,6
1100,Above 28,>3,Diploma,Finance,Urban,4 years ago or higher,22,5
1101,23-25,>3,Bachelor's Degree,Management,Urban,4 years ago or higher,22,6
1102,23-25,>3,Bachelor's Degree,Management,Urban,4 years ago or higher,22,6
1103,23-25,>3,Bachelor's Degree,Management,Urban,4 years ago or higher,22,6
1104,23-25,>3,Bachelor's Degree,Management,Urban,4 years ago or higher,22,6
1105,26-28,>3,Master's Degree,Mass-communication,Urban,4 years ago or higher,22,9
1106,26-28,>3,Master's Degree,Mass-communication,Urban,4 years ago or higher,22,9
1107,26-28,>3,Master's Degree,Mass-communication,Urban,4 years ago or higher,22,9
1108,26-28,>3,Master's Degree,Mass-communication,Urban,4 years ago or higher,22,9
1109,Above 28,1 to 2,Master's Degree,Management,Rural,4 years ago or higher,22,2
1110,Above 28,1 to 2,Master's Degree,Management,Rural,4 years ago or higher,22,2
1111,Above 28,1 to 2,Master's Degree,Management,Rural,4 years ago or higher,22,2
1112,Above 28,1 to 2,Master's Degree,Management,Rural,4 years ago or higher,22,2
1113,18-22,2 to 3,12th grade,Management,Urban,4 years ago or higher,22,7
1114,18-22,2 to 3,12th grade,Management,Urban,4 years ago or higher,22,7
1115,18-22,2 to 3,12th grade,Management,Urban,4 years ago or higher,22,7
1116,18-22,2 to 3,12th grade,Management,Urban,4 years ago or higher,22,7
1117,23-25,>3,12th grade,"Arts, Psychology and Sociology",Urban,4 years ago or higher,23,4
1118,Above 28,>3,Bachelor's Degree,"Arts, Psychology and Sociology",Urban,4 years ago or higher,23,8
1119,23-25,>3,12th grade,"Arts, Psychology and Sociology",Urban,4 years ago or higher,23,4
1120,Above 28,>3,Bachelor's Degree,"Arts, Psychology and Sociology",Urban,4 years ago or higher,23,8
1121,23-25,>3,12th grade,"Arts, Psychology and Sociology",Urban,4 years ago or higher,23,4
1122,Above 28,>3,Bachelor's Degree,"Arts, Psychology and Sociology",Urban,4 years ago or higher,23,8
1123,23-25,>3,12th grade,"Arts, Psychology and Sociology",Urban,4 years ago or higher,23,4
1124,Above 28,>3,Bachelor's Degree,"Arts, Psychology and Sociology",Urban,4 years ago or higher,23,8
1125,18-22,>3,Bachelor's Degree,Engineering,Rural,4 years ago or higher,23,8
1126,18-22,>3,Bachelor's Degree,Engineering,Rural,4 years ago or higher,23,8
1127,18-22,>3,Bachelor's Degree,Engineering,Rural,4 years ago or higher,23,8
1128,18-22,>3,Bachelor's Degree,Engineering,Rural,4 years ago or higher,23,8
1129,18-22,>3,Bachelor's Degree,Finance,Urban,3 years ago,23,5
1130,18-22,>3,Bachelor's Degree,Finance,Urban,3 years ago,23,5
1131,18-22,>3,Bachelor's Degree,Finance,Urban,3 years ago,23,5
1132,18-22,>3,Bachelor's Degree,Finance,Urban,3 years ago,23,5
1133,26-28,2 to 3,Bachelor's Degree,Engineering,Urban,3 years ago,23,6
1134,below 18,2 to 3,10th grade,Engineering,Rural,less than an year ago,23,8
1135,26-28,2 to 3,Bachelor's Degree,Engineering,Urban,3 years ago,23,6
1136,below 18,2 to 3,10th grade,Engineering,Rural,less than an year ago,23,8
1137,26-28,2 to 3,Bachelor's Degree,Engineering,Urban,3 years ago,23,6
1138,below 18,2 to 3,10th grade,Engineering,Rural,less than an year ago,23,8
1139,26-28,2 to 3,Bachelor's Degree,Engineering,Urban,3 years ago,23,6
1140,below 18,2 to 3,10th grade,Engineering,Rural,less than an year ago,23,8
1141,Above 28,<1,Bachelor's Degree,Management,Rural,4 years ago or higher,24,5
1142,Above 28,<1,Bachelor's Degree,Management,Rural,4 years ago or higher,24,5
1143,Above 28,<1,Bachelor's Degree,Management,Rural,4 years ago or higher,24,5
1144,Above 28,<1,Bachelor's Degree,Management,Rural,4 years ago or higher,24,5
1145,23-25,>3,Bachelor's Degree,Education Teaching,Urban,4 years ago or higher,24,5
1146,23-25,>3,Bachelor's Degree,Education Teaching,Urban,4 years ago or higher,24,5
1147,23-25,>3,Bachelor's Degree,Education Teaching,Urban,4 years ago or higher,24,5
1148,23-25,>3,Bachelor's Degree,Education Teaching,Urban,4 years ago or higher,24,5
1149,18-22,>3,12th grade,Engineering,Urban,4 years ago or higher,24,8
1150,18-22,>3,12th grade,Engineering,Rural,4 years ago or higher,24,8
1151,18-22,>3,12th grade,Engineering,Urban,4 years ago or higher,24,8
1152,18-22,>3,12th grade,Engineering,Rural,4 years ago or higher,24,8
1153,18-22,>3,12th grade,Engineering,Urban,4 years ago or higher,24,8
1154,18-22,>3,12th grade,Engineering,Rural,4 years ago or higher,24,8
1155,18-22,>3,12th grade,Engineering,Urban,4 years ago or higher,24,8
1156,18-22,>3,12th grade,Engineering,Rural,4 years ago or higher,24,8
1157,18-22,2 to 3,12th grade,"Arts, Psychology and Sociology",Urban,3 years ago,24,5
1158,18-22,2 to 3,12th grade,"Arts, Psychology and Sociology",Urban,3 years ago,24,5
1159,18-22,2 to 3,12th grade,"Arts, Psychology and Sociology",Urban,3 years ago,24,5
1160,18-22,2 to 3,12th grade,"Arts, Psychology and Sociology",Urban,3 years ago,24,5
1161,23-25,2 to 3,Bachelor's Degree,Finance,Rural,4 years ago or higher,24,5
1162,23-25,2 to 3,Bachelor's Degree,Finance,Rural,4 years ago or higher,24,5
1163,23-25,2 to 3,Bachelor's Degree,Finance,Rural,4 years ago or higher,24,5
1164,23-25,2 to 3,Bachelor's Degree,Finance,Rural,4 years ago or higher,24,5
1165,23-25,2 to 3,Master's Degree,Medical,Rural,4 years ago or higher,24,8
1166,23-25,2 to 3,Master's Degree,Medical,Rural,4 years ago or higher,24,8
1167,23-25,2 to 3,Master's Degree,Medical,Rural,4 years ago or higher,24,8
1168,23-25,2 to 3,Master's Degree,Medical,Rural,4 years ago or higher,24,8
1169,below 18,>3,10th grade,"Arts, Psychology and Sociology",Urban,less than an year ago,25,3
1170,below 18,>3,10th grade,"Arts, Psychology and Sociology",Urban,less than an year ago,25,3
1171,below 18,>3,10th grade,"Arts, Psychology and Sociology",Urban,less than an year ago,25,3
1172,below 18,>3,10th grade,"Arts, Psychology and Sociology",Urban,less than an year ago,25,3
1173,23-25,>3,Bachelor's Degree,Engineering,Urban,4 years ago or higher,25,4
1174,26-28,>3,Bachelor's Degree,Engineering,Urban,3 years ago,25,6
1175,23-25,>3,Bachelor's Degree,Engineering,Urban,4 years ago or higher,25,4
1176,26-28,>3,Bachelor's Degree,Engineering,Urban,3 years ago,25,6
1177,23-25,>3,Bachelor's Degree,Engineering,Urban,4 years ago or higher,25,4
1178,26-28,>3,Bachelor's Degree,Engineering,Urban,3 years ago,25,6
1179,23-25,>3,Bachelor's Degree,Engineering,Urban,4 years ago or higher,25,4
1180,26-28,>3,Bachelor's Degree,Engineering,Urban,3 years ago,25,6
1181,18-22,>3,12th grade,Finance,Urban,2 years ago,25,8
1182,18-22,>3,12th grade,Finance,Urban,2 years ago,25,8
1183,18-22,>3,12th grade,Finance,Urban,2 years ago,25,8
1184,18-22,>3,12th grade,Finance,Urban,2 years ago,25,8
1185,23-25,>3,Master's Degree,Management,Urban,4 years ago or higher,25,9
1186,23-25,>3,Master's Degree,Management,Urban,4 years ago or higher,25,9
1187,23-25,>3,Master's Degree,Management,Urban,4 years ago or higher,25,9
1188,23-25,>3,Master's Degree,Management,Urban,4 years ago or higher,25,9
1189,26-28,1 to 2,Bachelor's Degree,Finance,Urban,4 years ago or higher,25,8
1190,26-28,1 to 2,Bachelor's Degree,Finance,Urban,4 years ago or higher,25,8
1191,26-28,1 to 2,Bachelor's Degree,Finance,Urban,4 years ago or higher,25,8
1192,26-28,1 to 2,Bachelor's Degree,Finance,Urban,4 years ago or higher,25,8
1193,18-22,>3,12th grade,Designing,Urban,2 years ago,26,6
1194,18-22,>3,12th grade,Designing,Urban,2 years ago,26,6
1195,18-22,>3,12th grade,Designing,Urban,2 years ago,26,6
1196,18-22,>3,12th grade,Designing,Urban,2 years ago,26,6
1197,23-25,>3,Master's Degree,Management,Urban,4 years ago or higher,26,4
1198,Above 28,>3,Master's Degree,Management,Urban,4 years ago or higher,26,10
1199,23-25,>3,Master's Degree,Management,Urban,4 years ago or higher,26,4
1200,Above 28,>3,Master's Degree,Management,Urban,4 years ago or higher,26,10
1201,23-25,>3,Master's Degree,Management,Urban,4 years ago or higher,26,4
1202,Above 28,>3,Master's Degree,Management,Urban,4 years ago or higher,26,10
1203,23-25,>3,Master's Degree,Management,Urban,4 years ago or higher,26,4
1204,Above 28,>3,Master's Degree,Management,Urban,4 years ago or higher,26,10
1205,23-25,2 to 3,Bachelor's Degree,Engineering,Rural,4 years ago or higher,26,8
1206,23-25,2 to 3,Bachelor's Degree,Engineering,Rural,4 years ago or higher,26,8
1207,23-25,2 to 3,Bachelor's Degree,Engineering,Rural,4 years ago or higher,26,8
1208,23-25,2 to 3,Bachelor's Degree,Engineering,Rural,4 years ago or higher,26,8
1209,23-25,>3,Bachelor's Degree,Finance,Urban,4 years ago or higher,27,6
1210,23-25,>3,Bachelor's Degree,Finance,Urban,4 years ago or higher,27,6
1211,23-25,>3,Bachelor's Degree,Finance,Urban,4 years ago or higher,27,6
1212,23-25,>3,Bachelor's Degree,Finance,Urban,4 years ago or higher,27,6
1213,23-25,2 to 3,Bachelor's Degree,Finance,Urban,4 years ago or higher,27,7
1214,23-25,2 to 3,Bachelor's Degree,Finance,Urban,4 years ago or higher,27,7
1215,23-25,2 to 3,Bachelor's Degree,Finance,Urban,4 years ago or higher,27,7
1216,23-25,2 to 3,Bachelor's Degree,Finance,Urban,4 years ago or higher,27,7
1217,18-22,2 to 3,12th grade,Fine Arts,Urban,3 years ago,27,5
1218,18-22,2 to 3,12th grade,Fine Arts,Urban,3 years ago,27,5
1219,18-22,2 to 3,12th grade,Fine Arts,Urban,3 years ago,27,5
1220,18-22,2 to 3,12th grade,Fine Arts,Urban,3 years ago,27,5
1221,18-22,2 to 3,Bachelor's Degree,"Arts, Psychology and Sociology",Urban,4 years ago or higher,29,6
1222,18-22,2 to 3,Bachelor's Degree,"Arts, Psychology and Sociology",Urban,4 years ago or higher,29,6
1223,18-22,2 to 3,Bachelor's Degree,"Arts, Psychology and Sociology",Urban,4 years ago or higher,29,6
1224,18-22,2 to 3,Bachelor's Degree,"Arts, Psychology and Sociology",Urban,4 years ago or higher,29,6
1225,23-25,2 to 3,Bachelor's Degree,Pharmacy,Rural,4 years ago or higher,29,4
1226,23-25,2 to 3,Bachelor's Degree,Pharmacy,Rural,4 years ago or higher,29,4
1227,23-25,2 to 3,Bachelor's Degree,Pharmacy,Rural,4 years ago or higher,29,4
1228,23-25,2 to 3,Bachelor's Degree,Pharmacy,Rural,4 years ago or higher,29,4
1229,18-22,>3,12th grade,Engineering,Urban,3 years ago,30,3
1230,Above 28,>3,Bachelor's Degree,Engineering,Urban,4 years ago or higher,30,6
1231,18-22,>3,12th grade,Engineering,Urban,3 years ago,30,3
1232,Above 28,>3,Bachelor's Degree,Engineering,Urban,4 years ago or higher,30,6
1233,18-22,>3,12th grade,Engineering,Urban,3 years ago,30,3
1234,Above 28,>3,Bachelor's Degree,Engineering,Urban,4 years ago or higher,30,6
1235,18-22,>3,12th grade,Engineering,Urban,3 years ago,30,3
1236,Above 28,>3,Bachelor's Degree,Engineering,Urban,4 years ago or higher,30,6
1237,18-22,>3,12th grade,Designing,Urban,4 years ago or higher,31,3
1238,18-22,>3,12th grade,Designing,Urban,4 years ago or higher,31,3
1239,18-22,>3,12th grade,Designing,Urban,4 years ago or higher,31,3
1240,18-22,>3,12th grade,Designing,Urban,4 years ago or higher,31,3
1241,23-25,2 to 3,12th grade,"Arts, Psychology and Sociology",Urban,4 years ago or higher,32,4
1242,23-25,2 to 3,12th grade,"Arts, Psychology and Sociology",Urban,4 years ago or higher,32,4
1243,23-25,2 to 3,12th grade,"Arts, Psychology and Sociology",Urban,4 years ago or higher,32,4
1244,23-25,2 to 3,12th grade,"Arts, Psychology and Sociology",Urban,4 years ago or higher,32,4
1245,Above 28,2 to 3,Master's Degree,Nursing,Urban,2 years ago,32,6
1246,Above 28,2 to 3,Master's Degree,Nursing,Urban,2 years ago,32,6
1247,Above 28,2 to 3,Master's Degree,Nursing,Urban,2 years ago,32,6
1248,Above 28,2 to 3,Master's Degree,Nursing,Urban,2 years ago,32,6
1249,18-22,>3,12th grade,Management,Urban,4 years ago or higher,33,7
1250,18-22,>3,12th grade,Management,Urban,4 years ago or higher,33,7
1251,18-22,>3,12th grade,Management,Urban,4 years ago or higher,33,7
1252,18-22,>3,12th grade,Management,Urban,4 years ago or higher,33,7
1253,18-22,>3,12th grade,Engineering,Rural,3 years ago,35,2
1254,18-22,>3,12th grade,Engineering,Rural,3 years ago,35,2
1255,18-22,>3,12th grade,Engineering,Rural,3 years ago,35,2
1256,18-22,>3,12th grade,Engineering,Rural,3 years ago,35,2